cik,ticker,fiscal_year,section_chars,n_blocks,n_bold_blocks,strategy
101382,UMBF,2021,50322,173,133,bold
101382,UMBF,2022,53022,152,105,bold
101382,UMBF,2023,50664,85,29,bold
101382,UMBF,2024,89542,159,38,bold
101382,UMBF,2025,87339,154,34,bold
1015328,WTFC,2021,108356,282,65,bold
1015328,WTFC,2022,111836,276,65,bold
1015328,WTFC,2023,114444,278,65,bold
1015328,WTFC,2024,110707,275,65,bold
1015328,WTFC,2025,115925,276,66,bold
1068851,PB,2021,67733,226,44,bold
1068851,PB,2022,71023,225,46,bold
1068851,PB,2023,79407,246,47,bold
1068851,PB,2024,78209,208,48,bold
1068851,PB,2025,81650,215,49,bold
1069157,EWBC,2021,67988,176,49,bold
1069157,EWBC,2022,63553,172,49,bold
1069157,EWBC,2023,68502,175,51,bold
1069157,EWBC,2024,62494,161,48,bold
1069157,EWBC,2025,62174,160,46,bold
1077428,TCBI,2021,92002,377,29,bold
1077428,TCBI,2022,93888,390,42,bold
1077428,TCBI,2023,94396,341,12,NEEDS_FALLBACK
1077428,TCBI,2024,89052,323,12,NEEDS_FALLBACK
1077428,TCBI,2025,85927,291,11,NEEDS_FALLBACK
109380,ZION,2021,38362,150,45,bold
109380,ZION,2022,40280,136,47,bold
109380,ZION,2023,45177,143,46,bold
109380,ZION,2024,45879,147,48,bold
109380,ZION,2025,54648,176,50,bold
1108134,BBT,2021,40735,166,42,bold
1108134,BBT,2022,40807,165,42,bold
1108134,BBT,2023,54150,198,51,bold
1108134,BBT,2024,70708,295,67,bold
1108134,BBT,2025,65381,166,57,bold
1169770,BANC,2021,89493,334,55,bold
1169770,BANC,2022,92388,377,57,bold
1169770,BANC,2023,97383,390,62,bold
1169770,BANC,2024,103869,397,62,bold
1169770,BANC,2025,80454,176,49,bold
1178970,PFS,2021,45207,117,29,bold
1178970,PFS,2022,64225,147,41,bold
1178970,PFS,2023,68338,147,39,bold
1178970,PFS,2024,60819,134,39,bold
1178970,PFS,2025,61706,137,42,bold
1212545,WAL,2021,75534,239,61,bold
1212545,WAL,2022,72527,217,62,bold
1212545,WAL,2023,78318,225,62,bold
1212545,WAL,2024,81924,236,64,bold
1212545,WAL,2025,87953,247,65,bold
1281761,RF,2021,98179,202,51,bold
1281761,RF,2022,116355,345,75,bold
1281761,RF,2023,117969,347,75,bold
1281761,RF,2024,123397,349,75,bold
1281761,RF,2025,122266,249,62,bold
1331520,HOMB,2021,65647,195,39,bold
1331520,HOMB,2022,53886,157,33,bold
1331520,HOMB,2023,54950,156,34,bold
1331520,HOMB,2024,54380,147,33,bold
1331520,HOMB,2025,58006,155,37,bold
1488813,CUBI,2021,166426,483,92,bold
1488813,CUBI,2022,178945,480,92,bold
1488813,CUBI,2023,185003,484,97,bold
1488813,CUBI,2024,185781,501,97,bold
1488813,CUBI,2025,169399,442,82,bold
1504008,BKU,2021,69883,227,48,bold
1504008,BKU,2022,69650,228,50,bold
1504008,BKU,2023,77512,157,52,bold
1504008,BKU,2024,81320,150,52,bold
1504008,BKU,2025,79363,146,50,bold
1518715,MCHB,2021,313193,10520,228,bold
1518715,MCHB,2022,303609,10073,222,bold
1518715,MCHB,2023,70702,157,50,bold
1518715,MCHB,2024,47384,97,33,bold
1518715,MCHB,2025,95714,992,152,bold
1810546,EBC,2021,155314,434,93,bold
1810546,EBC,2022,137842,401,87,bold
1810546,EBC,2023,122009,353,79,bold
1810546,EBC,2024,121793,351,78,bold
1810546,EBC,2025,120617,350,76,bold
203596,WSBC,2021,57315,187,42,bold
203596,WSBC,2022,56497,181,41,bold
203596,WSBC,2023,53288,182,40,bold
203596,WSBC,2024,58742,213,45,bold
203596,WSBC,2025,53088,182,40,bold
22356,CBSH,2021,35623,101,8,NEEDS_FALLBACK
22356,CBSH,2022,31498,83,8,NEEDS_FALLBACK
22356,CBSH,2023,34168,86,9,NEEDS_FALLBACK
22356,CBSH,2024,34037,85,9,NEEDS_FALLBACK
22356,CBSH,2025,38994,92,9,NEEDS_FALLBACK
351569,ABCB,2021,49189,174,33,bold
351569,ABCB,2022,46476,155,32,bold
351569,ABCB,2023,48229,157,33,bold
351569,ABCB,2024,66404,180,43,bold
351569,ABCB,2025,67877,179,44,bold
35527,FITB,2021,110702,350,83,bold
35527,FITB,2022,106652,351,83,bold
35527,FITB,2023,95333,230,72,bold
35527,FITB,2024,93525,201,71,bold
35527,FITB,2025,81352,200,68,bold
36270,MTB,2021,108235,366,24,bold
36270,MTB,2022,92768,293,21,bold
36270,MTB,2023,85456,278,19,NEEDS_FALLBACK
36270,MTB,2024,89679,287,18,NEEDS_FALLBACK
36270,MTB,2025,90080,286,18,NEEDS_FALLBACK
36377,FHB,2021,116863,540,81,bold
36377,FHB,2022,113195,509,80,bold
36377,FHB,2023,118145,516,81,bold
36377,FHB,2024,122222,513,79,bold
36377,FHB,2025,121816,520,80,bold
36966,FHN,2021,125440,787,241,bold
36966,FHN,2022,116507,725,229,bold
36966,FHN,2023,107662,701,213,bold
36966,FHN,2024,109664,698,216,bold
36966,FHN,2025,74544,353,163,bold
37808,FNB,2021,74032,251,64,bold
37808,FNB,2022,77599,202,60,bold
37808,FNB,2023,81899,185,61,bold
37808,FNB,2024,79228,181,60,bold
37808,FNB,2025,77430,189,60,bold
39263,CFR,2021,72139,148,6,NEEDS_FALLBACK
39263,CFR,2022,70986,147,5,NEEDS_FALLBACK
39263,CFR,2023,69912,139,5,NEEDS_FALLBACK
39263,CFR,2024,73502,145,5,NEEDS_FALLBACK
39263,CFR,2025,75190,156,5,NEEDS_FALLBACK
40729,ALLY,2021,103063,245,5,NEEDS_FALLBACK
40729,ALLY,2022,104286,244,5,NEEDS_FALLBACK
40729,ALLY,2023,107062,223,5,NEEDS_FALLBACK
40729,ALLY,2024,131183,346,10,NEEDS_FALLBACK
40729,ALLY,2025,131454,348,10,NEEDS_FALLBACK
46195,BOH,2021,45159,120,5,NEEDS_FALLBACK
46195,BOH,2022,44434,119,5,NEEDS_FALLBACK
46195,BOH,2023,44827,103,6,NEEDS_FALLBACK
46195,BOH,2024,55078,127,16,NEEDS_FALLBACK
46195,BOH,2025,61930,134,17,NEEDS_FALLBACK
49196,HBAN,2021,79944,287,77,bold
49196,HBAN,2022,68849,193,53,bold
49196,HBAN,2023,64297,173,49,bold
49196,HBAN,2024,70797,199,52,bold
49196,HBAN,2025,86290,299,63,bold
700564,FULT,2021,80486,150,44,bold
700564,FULT,2022,65109,136,40,bold
700564,FULT,2023,59268,120,39,bold
700564,FULT,2024,60848,131,39,bold
700564,FULT,2025,65878,138,43,bold
707179,ONB,2021,62517,198,44,bold
707179,ONB,2022,74948,193,46,bold
707179,ONB,2023,78577,191,47,bold
707179,ONB,2024,80900,194,48,bold
707179,ONB,2025,81511,199,47,bold
714310,VLY,2021,78311,170,58,bold
714310,VLY,2022,65510,139,46,bold
714310,VLY,2023,74929,150,44,bold
714310,VLY,2024,79560,153,46,bold
714310,VLY,2025,81564,157,46,bold
715072,RNST,2021,57748,226,6,NEEDS_FALLBACK
715072,RNST,2022,58786,207,6,NEEDS_FALLBACK
715072,RNST,2023,62788,199,6,NEEDS_FALLBACK
715072,RNST,2024,69230,222,6,NEEDS_FALLBACK
715072,RNST,2025,65475,195,4,NEEDS_FALLBACK
729986,UBSI,2021,66359,246,16,NEEDS_FALLBACK
729986,UBSI,2022,60381,183,2,NEEDS_FALLBACK
729986,UBSI,2023,57243,175,2,NEEDS_FALLBACK
729986,UBSI,2024,52212,163,2,NEEDS_FALLBACK
729986,UBSI,2025,54423,144,2,NEEDS_FALLBACK
73124,NTRS,2021,82628,194,69,bold
73124,NTRS,2022,96596,294,78,bold
73124,NTRS,2023,106012,317,81,bold
73124,NTRS,2024,110018,320,81,bold
73124,NTRS,2025,107952,311,82,bold
750577,HWC,2021,84188,213,60,bold
750577,HWC,2022,74327,209,60,bold
750577,HWC,2023,73812,200,58,bold
750577,HWC,2024,79314,209,61,bold
750577,HWC,2025,85839,214,63,bold
759944,CFG,2021,72824,158,46,bold
759944,CFG,2022,71367,145,42,bold
759944,CFG,2023,62818,148,41,bold
759944,CFG,2024,61452,144,41,bold
759944,CFG,2025,60671,145,41,bold
763901,BPOP,2021,103796,2301,236,bold
763901,BPOP,2022,79680,5580,445,bold
763901,BPOP,2023,81487,5755,414,bold
763901,BPOP,2024,79094,5636,373,bold
763901,BPOP,2025,79663,5633,397,bold
764038,SSB,2021,218030,1181,354,bold
764038,SSB,2022,218711,1118,373,bold
764038,SSB,2023,153412,472,93,bold
764038,SSB,2024,166107,519,108,bold
764038,SSB,2025,159069,480,103,bold
776901,INDB,2021,71294,176,52,bold
776901,INDB,2022,68151,150,51,bold
776901,INDB,2023,61827,134,51,bold
776901,INDB,2024,66124,142,50,bold
776901,INDB,2025,74628,142,56,bold
7789,ASB,2021,111884,302,79,bold
7789,ASB,2022,115017,292,75,bold
7789,ASB,2023,132798,302,78,bold
7789,ASB,2024,134026,312,79,bold
7789,ASB,2025,113734,313,76,bold
798941,FCNCA,2021,96485,255,20,bold
798941,FCNCA,2022,101712,246,20,bold
798941,FCNCA,2023,116769,252,20,bold
798941,FCNCA,2024,119031,269,18,NEEDS_FALLBACK
798941,FCNCA,2025,99729,288,17,NEEDS_FALLBACK
801337,WBS,2021,53538,179,44,bold
801337,WBS,2022,58880,201,46,bold
801337,WBS,2023,55133,173,45,bold
801337,WBS,2024,70684,201,55,bold
801337,WBS,2025,103719,369,69,bold
811830,,2021,137568,441,84,bold
811830,,2022,135043,410,83,bold
811830,,2023,138081,409,81,bold
811830,,2024,139640,433,82,bold
811830,,2025,135598,389,76,bold
83246,,2021,89163,325,44,bold
83246,,2022,81357,275,43,bold
83246,,2023,80376,262,42,bold
83246,,2024,83884,272,42,bold
83246,,2025,79558,271,41,bold
857855,UCB,2021,75109,315,63,bold
857855,UCB,2022,78683,317,61,bold
857855,UCB,2023,77285,280,64,bold
857855,UCB,2024,74341,265,61,bold
857855,UCB,2025,73927,250,62,bold
860413,FIBK,2021,81562,207,61,bold
860413,FIBK,2022,79430,246,58,bold
860413,FIBK,2023,90620,271,63,bold
860413,FIBK,2024,95917,217,51,bold
860413,FIBK,2025,109097,232,52,bold
861842,CATY,2021,103691,367,66,bold
861842,CATY,2022,97264,341,67,bold
861842,CATY,2023,97249,340,65,bold
861842,CATY,2024,98925,326,65,bold
861842,CATY,2025,99100,326,65,bold
868671,GBCI,2021,36529,94,32,bold
868671,GBCI,2022,37996,94,32,bold
868671,GBCI,2023,36223,90,31,bold
868671,GBCI,2024,41067,96,34,bold
868671,GBCI,2025,45304,101,35,bold
875357,BOKF,2021,31387,111,26,bold
875357,BOKF,2022,34616,114,27,bold
875357,BOKF,2023,38576,122,31,bold
875357,BOKF,2024,39775,123,31,bold
875357,BOKF,2025,40073,124,32,bold
883948,AUB,2021,88270,335,62,bold
883948,AUB,2022,103084,297,90,bold
883948,AUB,2023,111981,310,86,bold
883948,AUB,2024,136713,394,97,bold
883948,AUB,2025,111339,286,72,bold
887343,COLB,2021,69129,162,49,bold
887343,COLB,2022,67367,153,47,bold
887343,COLB,2023,57560,131,41,bold
887343,COLB,2024,53024,159,37,bold
887343,COLB,2025,55956,126,40,bold
90498,SFNC,2021,62092,180,50,bold
90498,SFNC,2022,64894,188,55,bold
90498,SFNC,2023,63334,180,54,bold
90498,SFNC,2024,67947,189,56,bold
90498,SFNC,2025,74968,197,57,bold
910073,FLG,2021,68560,179,53,bold
910073,FLG,2022,78477,134,53,bold
910073,FLG,2023,100192,273,69,bold
910073,FLG,2024,85380,158,58,bold
910073,FLG,2025,83761,157,70,bold
91576,KEY,2021,63636,188,46,bold
91576,KEY,2022,70150,200,43,bold
91576,KEY,2023,85313,545,95,bold
91576,KEY,2024,93841,325,69,bold
91576,KEY,2025,95938,336,66,bold
936528,WAFD,2021,65332,217,38,bold
936528,WAFD,2022,75553,204,43,bold
936528,WAFD,2023,76593,230,44,bold
936528,WAFD,2024,79543,200,45,bold
936528,WAFD,2025,78195,761,70,bold
