cik,ticker,name,fiscal_year,accession,doc_chars,n_candidates,ok,section_chars,start_pct,stop_by,score,why,n_bold_blocks,n_italic_blocks,n_styled_blocks,reason
798941,FCNCA,FIRST CITIZENS BANCSHARES INC /DE/,2021,0000798941-22-000014,628466,5,True,96485,27.7,item\s*2\b,60,names_section;plausible_len,20,70,89,
798941,FCNCA,FIRST CITIZENS BANCSHARES INC /DE/,2022,0000798941-23-000017,723851,4,True,101712,23.6,item\s*2\b,60,names_section;plausible_len,20,72,91,
798941,FCNCA,FIRST CITIZENS BANCSHARES INC /DE/,2023,0000798941-24-000018,907292,2,True,116769,31.6,item\s*1\s*c\b,60,names_section;plausible_len,20,74,93,
798941,FCNCA,FIRST CITIZENS BANCSHARES INC /DE/,2024,0000798941-25-000010,828069,3,True,119031,29.2,item\s*1\s*c\b,100,names_section;opener;plausible_len,18,85,103,
798941,FCNCA,FIRST CITIZENS BANCSHARES INC /DE/,2025,0000798941-26-000015,773220,5,True,99729,27.3,item\s*1\s*c\b,100,names_section;opener;plausible_len,17,48,65,
759944,CFG,CITIZENS FINANCIAL GROUP INC/RI,2021,0000759944-22-000025,662500,5,True,72824,29.7,item\s*1\s*b\b,130,names_section;allcaps;opener;plausible_len,46,41,47,
759944,CFG,CITIZENS FINANCIAL GROUP INC/RI,2022,0000759944-23-000029,650234,5,True,71367,29.2,item\s*1\s*b\b,130,names_section;allcaps;opener;plausible_len,42,38,43,
759944,CFG,CITIZENS FINANCIAL GROUP INC/RI,2023,0000759944-24-000039,672117,5,True,62818,31.2,item\s*1\s*b\b,130,names_section;allcaps;opener;plausible_len,41,36,41,
759944,CFG,CITIZENS FINANCIAL GROUP INC/RI,2024,0000759944-25-000013,662505,5,True,61452,31.5,item\s*1\s*b\b,130,names_section;allcaps;opener;plausible_len,41,36,41,
759944,CFG,CITIZENS FINANCIAL GROUP INC/RI,2025,0000759944-26-000028,674661,5,True,60671,31.7,item\s*1\s*b\b,130,names_section;allcaps;opener;plausible_len,41,36,41,
49196,HBAN,HUNTINGTON BANCSHARES INC /MD/,2021,0000049196-22-000023,718836,6,True,79944,30.8,item\s*1\s*b\b,60,names_section;plausible_len,77,27,121,
49196,HBAN,HUNTINGTON BANCSHARES INC /MD/,2022,0000049196-23-000020,687058,6,True,68849,32.2,item\s*1\s*b\b,60,names_section;plausible_len,53,7,78,
49196,HBAN,HUNTINGTON BANCSHARES INC /MD/,2023,0000049196-24-000020,706865,5,True,64297,31.7,item\s*1\s*b\b,60,names_section;plausible_len,49,7,74,
49196,HBAN,HUNTINGTON BANCSHARES INC /MD/,2024,0000049196-25-000020,708879,5,True,70797,32.9,item\s*1\s*b\b,60,names_section;plausible_len,52,7,94,
49196,HBAN,HUNTINGTON BANCSHARES INC /MD/,2025,0000049196-26-000015,766954,5,True,86290,32.3,item\s*1\s*b\b,60,names_section;plausible_len,63,8,100,
35527,FITB,FIFTH THIRD BANCORP,2021,0000035527-22-000119,1094904,6,True,110702,21.0,item\s*1\s*b\b,85,names_section;allcaps;plausible_len,83,64,101,
35527,FITB,FIFTH THIRD BANCORP,2022,0000035527-23-000122,1047637,6,True,106652,22.3,item\s*1\s*b\b,85,names_section;allcaps;plausible_len,83,64,100,
35527,FITB,FIFTH THIRD BANCORP,2023,0000035527-24-000088,1075029,3,True,95333,22.9,item\s*1\s*b\b,85,names_section;allcaps;plausible_len,72,62,87,
35527,FITB,FIFTH THIRD BANCORP,2024,0000035527-25-000079,1036921,3,True,93525,23.7,item\s*1\s*b\b,85,names_section;allcaps;plausible_len,71,61,85,
35527,FITB,FIFTH THIRD BANCORP,2025,0000035527-26-000124,990243,4,True,81352,23.1,item\s*1\s*b\b,85,names_section;allcaps;plausible_len,68,57,82,
36270,MTB,M&T BANK CORP,2021,0001564590-22-005400,831911,2,True,108235,27.2,item\s*1\s*b\b,55,names_section;plausible_len,24,60,65,
36270,MTB,M&T BANK CORP,2022,0000950170-23-003804,843289,2,True,92768,28.3,item\s*1\s*b\b,55,names_section;plausible_len,21,50,54,
36270,MTB,M&T BANK CORP,2023,0000950170-24-017990,780913,4,True,85456,29.8,item\s*1\s*b\b,55,names_section;plausible_len,19,45,49,
36270,MTB,M&T BANK CORP,2024,0001628280-25-006267,726186,4,True,89679,30.5,item\s*1\s*b\b,55,names_section;plausible_len,18,47,50,
36270,MTB,M&T BANK CORP,2025,0000036270-26-000010,693059,5,True,90080,30.4,item\s*1\s*b\b,55,names_section;plausible_len,18,47,50,
40729,ALLY,Ally Financial Inc.,2021,0000040729-22-000007,999662,6,True,103063,23.7,item\s*1\s*b\b,60,names_section;plausible_len,5,70,90,
40729,ALLY,Ally Financial Inc.,2022,0000040729-23-000005,1001915,8,True,104286,24.1,item\s*1\s*b\b,60,names_section;plausible_len,5,69,89,
40729,ALLY,Ally Financial Inc.,2023,0000040729-24-000004,1085532,4,True,107062,25.7,item\s*1\s*b\b,60,names_section;plausible_len,5,60,80,
40729,ALLY,Ally Financial Inc.,2024,0000040729-25-000006,1110912,4,True,131183,22.0,item\s*1\s*b\b,60,names_section;plausible_len,10,151,176,
40729,ALLY,Ally Financial Inc.,2025,0000040729-26-000005,1064276,4,True,131454,23.6,item\s*1\s*b\b,60,names_section;plausible_len,10,152,177,
91576,KEY,KEYCORP /NEW/,2021,0000091576-22-000029,852678,3,True,63636,34.6,item\s*1\s*b\b,85,names_section;allcaps;plausible_len,46,0,72,
91576,KEY,KEYCORP /NEW/,2022,0000091576-23-000026,835374,2,True,70150,33.7,item\s*1\s*b\b,85,names_section;allcaps;plausible_len,43,0,73,
91576,KEY,KEYCORP /NEW/,2023,0000091576-24-000040,844391,3,True,85313,29.9,item\s*1\s*b\b,85,names_section;allcaps;plausible_len,95,0,129,
91576,KEY,KEYCORP /NEW/,2024,0000091576-25-000038,852406,4,True,93841,30.0,item\s*1\s*c\b,85,names_section;allcaps;plausible_len,69,0,88,
91576,KEY,KEYCORP /NEW/,2025,0001628280-26-010546,847259,4,True,95938,31.5,item\s*1\s*c\b,85,names_section;allcaps;plausible_len,66,0,104,
73124,NTRS,NORTHERN TRUST CORP,2021,0000073124-22-000071,851507,3,True,82628,23.8,item\s*1\s*b\b,85,names_section;allcaps;plausible_len,69,46,69,
73124,NTRS,NORTHERN TRUST CORP,2022,0000073124-23-000049,859696,3,True,96596,23.7,item\s*1\s*b\b,85,names_section;allcaps;plausible_len,78,52,78,
73124,NTRS,NORTHERN TRUST CORP,2023,0000073124-24-000073,873615,4,True,106012,23.8,item\s*1\s*b\b,85,names_section;allcaps;plausible_len,81,55,81,
73124,NTRS,NORTHERN TRUST CORP,2024,0000073124-25-000105,856953,4,True,110018,23.9,item\s*1\s*b\b,85,names_section;allcaps;plausible_len,81,53,81,
73124,NTRS,NORTHERN TRUST CORP,2025,0000073124-26-000016,851025,4,True,107952,24.2,item\s*1\s*b\b,85,names_section;allcaps;plausible_len,82,53,82,
83246,,HSBC USA INC /MD/,2021,0000083246-22-000004,1105133,5,True,89163,25.6,item\s*1\s*b\b,105,names_section;opener;plausible_len,44,16,59,
83246,,HSBC USA INC /MD/,2022,0000083246-23-000004,1018422,4,True,81357,26.7,item\s*1\s*b\b,105,names_section;opener;plausible_len,43,14,56,
83246,,HSBC USA INC /MD/,2023,0000083246-24-000004,1003369,5,True,80376,26.5,item\s*1\s*b\b,105,names_section;opener;plausible_len,42,14,55,
83246,,HSBC USA INC /MD/,2024,0000083246-25-000007,989038,5,True,83884,27.0,item\s*1\s*b\b,105,names_section;opener;plausible_len,42,14,55,
83246,,HSBC USA INC /MD/,2025,0000083246-26-000005,769802,5,True,79558,23.6,item\s*1\s*b\b,105,names_section;opener;plausible_len,41,14,54,
811830,,"Santander Holdings USA, Inc.",2021,0000811830-22-000016,866188,4,True,137568,23.2,item\s*1\s*b\b,85,names_section;allcaps;plausible_len,84,78,111,
811830,,"Santander Holdings USA, Inc.",2022,0000811830-23-000005,815254,4,True,135043,21.0,item\s*1\s*b\b,85,names_section;allcaps;plausible_len,83,77,110,
811830,,"Santander Holdings USA, Inc.",2023,0000811830-24-000010,828049,4,True,138081,20.2,item\s*1\s*b\b,85,names_section;allcaps;plausible_len,81,75,109,
811830,,"Santander Holdings USA, Inc.",2024,0000811830-25-000012,820136,4,True,139640,20.0,item\s*1\s*b\b,85,names_section;allcaps;plausible_len,82,77,111,
811830,,"Santander Holdings USA, Inc.",2025,0000811830-26-000005,811106,4,True,135598,21.4,item\s*1\s*b\b,85,names_section;allcaps;plausible_len,76,71,103,
1281761,RF,REGIONS FINANCIAL CORP,2021,0001281761-22-000016,805886,3,True,98179,24.8,item\s*1\s*b\b,105,names_section;opener;plausible_len,51,47,68,
1281761,RF,REGIONS FINANCIAL CORP,2022,0001281761-23-000012,800086,3,True,116355,25.1,item\s*1\s*b\b,105,names_section;opener;plausible_len,75,51,96,
1281761,RF,REGIONS FINANCIAL CORP,2023,0001281761-24-000010,804353,3,True,117969,26.4,item\s*1\s*b\b,105,names_section;opener;plausible_len,75,51,96,
1281761,RF,REGIONS FINANCIAL CORP,2024,0001281761-25-000010,829455,2,True,123397,27.3,item\s*1\s*b\b,105,names_section;opener;plausible_len,75,51,97,
1281761,RF,REGIONS FINANCIAL CORP,2025,0001281761-26-000019,798548,3,True,122266,26.2,item\s*1\s*b\b,105,names_section;opener;plausible_len,62,51,83,
1212545,WAL,WESTERN ALLIANCE BANCORPORATION,2021,0001212545-22-000090,654046,4,True,75534,20.3,item\s*1\s*b\b,100,names_section;opener;plausible_len,61,39,61,
1212545,WAL,WESTERN ALLIANCE BANCORPORATION,2022,0001212545-23-000093,639337,4,True,72527,22.1,item\s*1\s*b\b,100,names_section;opener;plausible_len,62,40,62,
1212545,WAL,WESTERN ALLIANCE BANCORPORATION,2023,0001212545-24-000092,692645,4,True,78318,23.1,item\s*1\s*b\b,100,names_section;opener;plausible_len,62,40,62,
1212545,WAL,WESTERN ALLIANCE BANCORPORATION,2024,0001212545-25-000090,687272,4,True,81924,23.0,item\s*1\s*b\b,100,names_section;opener;plausible_len,64,41,64,
1212545,WAL,WESTERN ALLIANCE BANCORPORATION,2025,0001628280-26-010336,713781,4,True,87953,23.8,item\s*1\s*b\b,100,names_section;opener;plausible_len,65,42,65,
109380,ZION,"ZIONS BANCORPORATION, NATIONAL ASSOCIATION /UT/",2021,0000109380-22-000072,609313,2,True,38362,32.0,item\s*1\s*b\b,85,names_section;allcaps;plausible_len,45,32,61,
109380,ZION,"ZIONS BANCORPORATION, NATIONAL ASSOCIATION /UT/",2022,0000109380-23-000074,603590,2,True,40280,31.6,item\s*1\s*b\b,85,names_section;allcaps;plausible_len,47,34,56,
109380,ZION,"ZIONS BANCORPORATION, NATIONAL ASSOCIATION /UT/",2023,0000109380-24-000061,617937,2,True,45177,29.7,item\s*1\s*b\b,85,names_section;allcaps;plausible_len,46,34,56,
109380,ZION,"ZIONS BANCORPORATION, NATIONAL ASSOCIATION /UT/",2024,0000109380-25-000040,592131,3,True,45879,27.7,item\s*1\s*b\b,85,names_section;allcaps;plausible_len,48,36,58,
109380,ZION,"ZIONS BANCORPORATION, NATIONAL ASSOCIATION /UT/",2025,0000109380-26-000046,602531,4,True,54648,28.0,item\s*1\s*b\b,85,names_section;allcaps;plausible_len,50,38,62,
910073,FLG,"FLAGSTAR BANK, NATIONAL ASSOCIATION",2021,0000950170-22-002118,545398,4,True,68560,27.6,item\s*1\s*b\b,85,names_section;allcaps;plausible_len,53,41,53,
910073,FLG,"FLAGSTAR BANK, NATIONAL ASSOCIATION",2022,0000950170-23-005505,594542,3,True,78477,28.1,item\s*1\s*b\b,85,names_section;allcaps;plausible_len,53,45,56,
910073,FLG,"FLAGSTAR BANK, NATIONAL ASSOCIATION",2023,0000910073-24-000077,674888,3,True,100192,29.7,item\s*1\s*b\b,60,names_section;plausible_len,69,61,72,
910073,FLG,"FLAGSTAR BANK, NATIONAL ASSOCIATION",2024,0000910073-25-000038,650565,3,True,85380,34.4,item\s*1\s*b\b,60,names_section;plausible_len,58,49,61,
910073,FLG,"FLAGSTAR BANK, NATIONAL ASSOCIATION",2025,0000910073-26-000025,560196,3,True,83761,34.2,item\s*1\s*b\b,60,names_section;plausible_len,70,46,71,
801337,WBS,WEBSTER FINANCIAL CORP,2021,0000801337-22-000011,612507,4,True,53538,29.7,item\s*2\b,85,names_section;allcaps;plausible_len,44,35,54,
801337,WBS,WEBSTER FINANCIAL CORP,2022,0000801337-23-000013,674497,4,True,58880,27.8,item\s*1\s*b\b,85,names_section;allcaps;plausible_len,46,38,68,
801337,WBS,WEBSTER FINANCIAL CORP,2023,0000801337-24-000007,714718,4,True,55133,28.9,item\s*1\s*b\b,85,names_section;allcaps;plausible_len,45,37,54,
801337,WBS,WEBSTER FINANCIAL CORP,2024,0000801337-25-000004,762127,4,True,70684,28.8,item\s*1\s*b\b,85,names_section;allcaps;plausible_len,55,47,67,
801337,WBS,WEBSTER FINANCIAL CORP,2025,0000801337-26-000008,814899,5,True,103719,29.8,item\s*1\s*b\b,85,names_section;allcaps;plausible_len,69,60,86,
36966,FHN,FIRST HORIZON CORP,2021,0000036966-22-000015,957113,48,True,125440,29.5,item\s*1\s*b\b,85,names_section;allcaps;plausible_len,241,92,379,
36966,FHN,FIRST HORIZON CORP,2022,0000036966-23-000016,922682,49,True,116507,29.3,item\s*1\s*b\b,85,names_section;allcaps;plausible_len,229,87,355,
36966,FHN,FIRST HORIZON CORP,2023,0000036966-24-000015,919008,51,True,107662,29.4,item\s*1\s*b\b,85,names_section;allcaps;plausible_len,213,84,341,
36966,FHN,FIRST HORIZON CORP,2024,0000036966-25-000024,909608,52,True,109664,28.9,item\s*1\s*b\b,85,names_section;allcaps;plausible_len,216,83,341,
36966,FHN,FIRST HORIZON CORP,2025,0000036966-26-000051,809629,25,True,74544,27.6,item\s*1\s*b\b,85,names_section;allcaps;plausible_len,163,25,179,
1069157,EWBC,EAST WEST BANCORP INC,2021,0001069157-22-000031,734512,7,True,67988,28.5,item\s*1\s*b\b,85,names_section;allcaps;plausible_len,49,45,55,
1069157,EWBC,EAST WEST BANCORP INC,2022,0001069157-23-000016,672059,7,True,63553,29.4,item\s*1\s*b\b,85,names_section;allcaps;plausible_len,49,47,55,
1069157,EWBC,EAST WEST BANCORP INC,2023,0001069157-24-000020,705465,7,True,68502,29.8,item\s*1\s*b\b,85,names_section;allcaps;plausible_len,51,49,57,
1069157,EWBC,EAST WEST BANCORP INC,2024,0001069157-25-000025,690165,7,True,62494,30.2,item\s*1\s*b\b,85,names_section;allcaps;plausible_len,48,45,53,
1069157,EWBC,EAST WEST BANCORP INC,2025,0001069157-26-000009,674790,7,True,62174,30.1,item\s*1\s*b\b,85,names_section;allcaps;plausible_len,46,44,52,
763901,BPOP,"POPULAR, INC.",2021,0001193125-22-060953,1120072,4,True,103796,30.8,item\s*2\b,85,names_section;allcaps;plausible_len,236,2,238,
763901,BPOP,"POPULAR, INC.",2022,0001193125-23-056454,1113210,6,True,79680,31.7,item\s*2\b,85,names_section;allcaps;plausible_len,445,0,445,
763901,BPOP,"POPULAR, INC.",2023,0001193125-24-053017,1137045,9,True,81487,33.7,item\s*1\s*c\b,85,names_section;allcaps;plausible_len,414,0,414,
763901,BPOP,"POPULAR, INC.",2024,0001193125-25-043848,1087590,10,True,79094,34.9,item\s*1\s*c\b,85,names_section;allcaps;plausible_len,373,0,373,
763901,BPOP,"POPULAR, INC.",2025,0001193125-26-085756,1092379,11,True,79663,36.7,item\s*1\s*c\b,85,names_section;allcaps;plausible_len,397,0,397,
101382,UMBF,UMB FINANCIAL CORP,2021,0001564590-22-006546,522486,3,True,50322,23.4,item\s*1\s*b\b,85,names_section;allcaps;plausible_len,133,5,137,
101382,UMBF,UMB FINANCIAL CORP,2022,0001564590-23-002256,527789,3,True,53022,23.2,item\s*1\s*b\b,85,names_section;allcaps;plausible_len,105,5,109,
101382,UMBF,UMB FINANCIAL CORP,2023,0000950170-24-018456,533647,4,True,50664,22.3,item\s*1\s*b\b,85,names_section;allcaps;plausible_len,29,2,29,
101382,UMBF,UMB FINANCIAL CORP,2024,0000950170-25-028420,607491,4,True,89542,23.0,item\s*1\s*b\b,85,names_section;allcaps;plausible_len,38,2,38,
101382,UMBF,UMB FINANCIAL CORP,2025,0001193125-26-076496,651539,4,True,87339,22.9,item\s*1\s*b\b,85,names_section;allcaps;plausible_len,34,2,36,
707179,ONB,OLD NATIONAL BANCORP /IN/,2021,0000707179-22-000013,576615,3,True,62517,28.1,item\s*1\s*b\b,85,names_section;allcaps;plausible_len,44,42,48,
707179,ONB,OLD NATIONAL BANCORP /IN/,2022,0000707179-23-000008,604192,4,True,74948,28.5,item\s*1\s*b\b,85,names_section;allcaps;plausible_len,46,44,50,
707179,ONB,OLD NATIONAL BANCORP /IN/,2023,0000707179-24-000006,600700,7,True,78577,29.0,item\s*1\s*b\b,85,names_section;allcaps;plausible_len,47,45,51,
707179,ONB,OLD NATIONAL BANCORP /IN/,2024,0000707179-25-000005,629845,7,True,80900,28.8,item\s*1\s*b\b,85,names_section;allcaps;plausible_len,48,46,52,
707179,ONB,OLD NATIONAL BANCORP /IN/,2025,0000707179-26-000010,629075,7,True,81511,28.9,item\s*1\s*b\b,85,names_section;allcaps;plausible_len,47,45,51,
1015328,WTFC,WINTRUST FINANCIAL CORP,2021,0001015328-22-000057,833802,6,True,108356,22.3,item\s*1\s*b\b,85,names_section;allcaps;plausible_len,65,61,74,
1015328,WTFC,WINTRUST FINANCIAL CORP,2022,0001015328-23-000070,827370,6,True,111836,23.2,item\s*1\s*b\b,85,names_section;allcaps;plausible_len,65,61,74,
1015328,WTFC,WINTRUST FINANCIAL CORP,2023,0001015328-24-000083,835183,7,True,114444,23.8,item\s*1\s*b\b,85,names_section;allcaps;plausible_len,65,61,74,
1015328,WTFC,WINTRUST FINANCIAL CORP,2024,0001015328-25-000093,842590,7,True,110707,24.3,item\s*1\s*b\b,85,names_section;allcaps;plausible_len,65,61,74,
1015328,WTFC,WINTRUST FINANCIAL CORP,2025,0001015328-26-000007,823037,7,True,115925,23.3,item\s*1\s*b\b,85,names_section;allcaps;plausible_len,66,62,75,
764038,SSB,SouthState Bank Corp,2021,0001558370-22-002075,891582,4,True,218030,11.9,item\s*1\s*b\b,55,names_section;plausible_len,354,107,356,
764038,SSB,SouthState Bank Corp,2022,0001558370-23-002028,852691,4,True,218711,12.1,item\s*1\s*b\b,55,names_section;plausible_len,373,108,376,
764038,SSB,SouthState Bank Corp,2023,0001558370-24-002302,879740,5,True,153412,21.7,item\s*1\s*b\b,100,names_section;opener;plausible_len,93,80,95,
764038,SSB,SouthState Bank Corp,2024,0001558370-25-001274,875436,5,True,166107,21.6,item\s*1\s*b\b,100,names_section;opener;plausible_len,108,99,110,
764038,SSB,SouthState Bank Corp,2025,0001104659-26-017884,896300,5,True,159069,21.8,item\s*1\s*b\b,100,names_section;opener;plausible_len,103,90,105,
887343,COLB,"COLUMBIA BANKING SYSTEM, INC.",2021,0000887343-22-000038,489882,3,True,69129,27.6,item\s*1\s*b\b,130,names_section;allcaps;opener;plausible_len,49,9,63,
887343,COLB,"COLUMBIA BANKING SYSTEM, INC.",2022,0000887343-23-000072,470192,3,True,67367,28.6,item\s*1\s*b\b,130,names_section;allcaps;opener;plausible_len,47,8,59,
887343,COLB,"COLUMBIA BANKING SYSTEM, INC.",2023,0000887343-24-000089,631835,4,True,57560,27.7,item\s*1\s*b\b,125,names_section;allcaps;opener;plausible_len,41,8,53,
887343,COLB,"COLUMBIA BANKING SYSTEM, INC.",2024,0000887343-25-000054,650049,4,True,53024,30.1,item\s*1\s*b\b,125,names_section;allcaps;opener;plausible_len,37,7,88,
887343,COLB,"COLUMBIA BANKING SYSTEM, INC.",2025,0000887343-26-000088,628811,4,True,55956,30.8,item\s*1\s*b\b,125,names_section;allcaps;opener;plausible_len,40,8,52,
714310,VLY,VALLEY NATIONAL BANCORP,2021,0000714310-22-000063,697698,10,True,78311,26.0,item\s*1\s*b\b,105,names_section;opener;plausible_len,58,59,72,
714310,VLY,VALLEY NATIONAL BANCORP,2022,0000714310-23-000043,692109,12,True,65510,26.7,item\s*1\s*b\b,105,names_section;opener;plausible_len,46,49,57,
714310,VLY,VALLEY NATIONAL BANCORP,2023,0000714310-24-000065,719877,13,True,74929,27.6,item\s*1\s*b\b,105,names_section;opener;plausible_len,44,50,57,
714310,VLY,VALLEY NATIONAL BANCORP,2024,0000714310-25-000068,732200,13,True,79560,27.7,item\s*1\s*b\b,105,names_section;opener;plausible_len,46,51,59,
714310,VLY,VALLEY NATIONAL BANCORP,2025,0000714310-26-000017,702771,14,True,81564,27.3,item\s*1\s*b\b,105,names_section;opener;plausible_len,46,53,60,
39263,CFR,"CULLEN/FROST BANKERS, INC.",2021,0000039263-22-000008,671046,7,True,72139,25.6,item\s*1\s*b\b,130,names_section;allcaps;opener;plausible_len,6,41,67,
39263,CFR,"CULLEN/FROST BANKERS, INC.",2022,0000039263-23-000008,637888,6,True,70986,27.0,item\s*1\s*b\b,130,names_section;allcaps;opener;plausible_len,5,40,65,
39263,CFR,"CULLEN/FROST BANKERS, INC.",2023,0000039263-24-000013,648187,7,True,69912,28.4,item\s*1\s*b\b,130,names_section;allcaps;opener;plausible_len,5,39,63,
39263,CFR,"CULLEN/FROST BANKERS, INC.",2024,0000039263-25-000017,642734,7,True,73502,27.0,item\s*1\s*b\b,130,names_section;allcaps;opener;plausible_len,5,39,64,
39263,CFR,"CULLEN/FROST BANKERS, INC.",2025,0000039263-26-000011,655460,7,True,75190,27.5,item\s*1\s*b\b,130,names_section;allcaps;opener;plausible_len,5,41,66,
875357,BOKF,BOK FINANCIAL CORP,2021,0000875357-22-000013,624256,1,True,31387,28.8,item\s*1\s*b\b,85,names_section;allcaps;plausible_len,26,20,26,
875357,BOKF,BOK FINANCIAL CORP,2022,0000875357-23-000009,617502,1,True,34616,28.6,item\s*1\s*b\b,85,names_section;allcaps;plausible_len,27,21,27,
875357,BOKF,BOK FINANCIAL CORP,2023,0000875357-24-000008,621798,2,True,38576,28.1,item\s*1\s*b\b,85,names_section;allcaps;plausible_len,31,24,31,
875357,BOKF,BOK FINANCIAL CORP,2024,0000875357-25-000013,616435,2,True,39775,27.4,item\s*1\s*b\b,85,names_section;allcaps;plausible_len,31,24,31,
875357,BOKF,BOK FINANCIAL CORP,2025,0000875357-26-000013,612605,2,True,40073,27.2,item\s*1\s*b\b,85,names_section;allcaps;plausible_len,32,25,32,
37808,FNB,FNB CORP/PA/,2021,0000037808-22-000005,646994,3,True,74032,31.1,item\s*1\s*b\b,130,names_section;allcaps;opener;plausible_len,64,38,65,
37808,FNB,FNB CORP/PA/,2022,0000037808-23-000005,651842,3,True,77599,31.6,item\s*1\s*b\b,130,names_section;allcaps;opener;plausible_len,60,38,61,
37808,FNB,FNB CORP/PA/,2023,0000037808-24-000006,672390,4,True,81899,31.2,item\s*1\s*b\b,130,names_section;allcaps;opener;plausible_len,61,40,62,
37808,FNB,FNB CORP/PA/,2024,0000037808-25-000071,643240,4,True,79228,28.6,item\s*1\s*b\b,130,names_section;allcaps;opener;plausible_len,60,40,61,
37808,FNB,FNB CORP/PA/,2025,0000037808-26-000007,628413,4,True,77430,29.8,item\s*1\s*b\b,130,names_section;allcaps;opener;plausible_len,60,39,61,
7789,ASB,ASSOCIATED BANC-CORP,2021,0000007789-22-000007,748502,3,True,111884,32.0,item\s*1\s*b\b,105,names_section;opener;plausible_len,79,70,80,
7789,ASB,ASSOCIATED BANC-CORP,2022,0000007789-23-000013,724566,3,True,115017,31.5,item\s*1\s*b\b,105,names_section;opener;plausible_len,75,66,76,
7789,ASB,ASSOCIATED BANC-CORP,2023,0000007789-24-000009,762200,13,True,132798,30.9,item\s*1\s*b\b,105,names_section;opener;plausible_len,78,70,79,
7789,ASB,ASSOCIATED BANC-CORP,2024,0000007789-25-000013,773910,6,True,134026,32.9,item\s*1\s*b\b,105,names_section;opener;plausible_len,79,71,80,
7789,ASB,ASSOCIATED BANC-CORP,2025,0000007789-26-000071,712726,6,True,113734,32.1,item\s*1\s*b\b,105,names_section;opener;plausible_len,76,67,76,
1068851,PB,PROSPERITY BANCSHARES INC,2021,0001564590-22-007263,538124,2,True,67733,23.9,item\s*1\s*b\b,130,names_section;allcaps;opener;plausible_len,44,40,54,
1068851,PB,PROSPERITY BANCSHARES INC,2022,0000950170-23-004425,528720,2,True,71023,23.8,item\s*1\s*b\b,130,names_section;allcaps;opener;plausible_len,46,42,55,
1068851,PB,PROSPERITY BANCSHARES INC,2023,0000950170-24-022171,561519,3,True,79407,23.0,item\s*1\s*b\b,130,names_section;allcaps;opener;plausible_len,47,44,56,
1068851,PB,PROSPERITY BANCSHARES INC,2024,0000950170-25-029222,553900,3,True,78209,22.3,item\s*1\s*b\b,130,names_section;allcaps;opener;plausible_len,48,45,57,
1068851,PB,PROSPERITY BANCSHARES INC,2025,0001193125-26-077437,555643,3,True,81650,21.8,item\s*1\s*b\b,130,names_section;allcaps;opener;plausible_len,49,46,58,
883948,AUB,Atlantic Union Bankshares Corp,2021,0001558370-22-002183,654901,3,True,88270,26.1,item\s*1\s*b\b,130,names_section;allcaps;opener;plausible_len,62,19,72,
883948,AUB,Atlantic Union Bankshares Corp,2022,0000883948-23-000027,620560,3,True,103084,25.0,item\s*1\s*b\b,130,names_section;allcaps;opener;plausible_len,90,11,90,
883948,AUB,Atlantic Union Bankshares Corp,2023,0000883948-24-000030,659423,3,True,111981,24.6,item\s*1\s*b\b,125,names_section;allcaps;opener;plausible_len,86,7,86,
883948,AUB,Atlantic Union Bankshares Corp,2024,0000883948-25-000021,733583,5,True,136713,23.5,item\s*1\s*b\b,125,names_section;allcaps;opener;plausible_len,97,11,97,
883948,AUB,Atlantic Union Bankshares Corp,2025,0000883948-26-000021,721852,3,True,111339,22.2,item\s*1\s*b\b,125,names_section;allcaps;opener;plausible_len,72,7,72,
750577,HWC,HANCOCK WHITNEY CORP,2021,0001564590-22-007023,672563,4,True,84188,27.7,item\s*1\s*b\b,85,names_section;allcaps;plausible_len,60,43,70,
750577,HWC,HANCOCK WHITNEY CORP,2022,0000950170-23-004433,666472,4,True,74327,29.4,item\s*1\s*b\b,85,names_section;allcaps;plausible_len,60,42,65,
750577,HWC,HANCOCK WHITNEY CORP,2023,0000950170-24-022252,700246,5,True,73812,28.5,item\s*1\s*b\b,85,names_section;allcaps;plausible_len,58,41,63,
750577,HWC,HANCOCK WHITNEY CORP,2024,0000950170-25-028009,700743,5,True,79314,30.0,item\s*1\s*b\b,85,names_section;allcaps;plausible_len,61,44,66,
750577,HWC,HANCOCK WHITNEY CORP,2025,0001193125-26-077903,710412,5,True,85839,30.0,item\s*1\s*b\b,85,names_section;allcaps;plausible_len,63,44,68,
1504008,BKU,"BankUnited, Inc.",2021,0001504008-22-000009,508282,2,True,69883,22.9,item\s*1\s*b\b,105,names_section;opener;plausible_len,48,44,52,
1504008,BKU,"BankUnited, Inc.",2022,0001504008-23-000007,501058,2,True,69650,25.1,item\s*1\s*b\b,105,names_section;opener;plausible_len,50,46,54,
1504008,BKU,"BankUnited, Inc.",2023,0001504008-24-000006,519204,4,True,77512,21.8,item\s*1\s*b\b,105,names_section;opener;plausible_len,52,47,55,
1504008,BKU,"BankUnited, Inc.",2024,0001504008-25-000005,512705,4,True,81320,23.1,item\s*1\s*b\b,105,names_section;opener;plausible_len,52,47,55,
1504008,BKU,"BankUnited, Inc.",2025,0001504008-26-000011,502176,4,True,79363,24.4,item\s*1\s*b\b,105,names_section;opener;plausible_len,50,45,53,
1169770,BANC,"BANC OF CALIFORNIA, INC.",2021,0001169770-22-000011,662740,7,True,89493,29.1,item\s*1\s*b\b,105,names_section;opener;plausible_len,55,18,84,
1169770,BANC,"BANC OF CALIFORNIA, INC.",2022,0001169770-23-000021,634738,5,True,92388,28.6,item\s*1\s*b\b,105,names_section;opener;plausible_len,57,16,116,
1169770,BANC,"BANC OF CALIFORNIA, INC.",2023,0001628280-24-007933,941338,6,True,97383,38.2,item\s*1\s*b\b,130,names_section;allcaps;opener;plausible_len,62,66,79,
1169770,BANC,"BANC OF CALIFORNIA, INC.",2024,0001628280-25-009438,931072,7,True,103869,39.9,item\s*1\s*b\b,130,names_section;allcaps;opener;plausible_len,62,65,78,
1169770,BANC,"BANC OF CALIFORNIA, INC.",2025,0001628280-26-012946,840210,7,True,80454,41.2,item\s*1\s*b\b,130,names_section;allcaps;opener;plausible_len,49,51,57,
729986,UBSI,UNITED BANKSHARES INC/WV,2021,0001193125-22-061038,700592,4,True,66359,25.8,item\s*1\s*b\b,60,names_section;plausible_len,16,10,66,
729986,UBSI,UNITED BANKSHARES INC/WV,2022,0001193125-23-056045,643112,4,True,60381,27.2,item\s*1\s*b\b,60,names_section;plausible_len,2,7,45,
729986,UBSI,UNITED BANKSHARES INC/WV,2023,0001193125-24-053462,621690,4,True,57243,27.7,item\s*1\s*b\b,60,names_section;plausible_len,2,7,44,
729986,UBSI,UNITED BANKSHARES INC/WV,2024,0001193125-25-042589,615983,5,True,52212,27.8,item\s*1\s*b\b,60,names_section;plausible_len,2,7,42,
729986,UBSI,UNITED BANKSHARES INC/WV,2025,0001193125-26-081470,631988,5,True,54423,27.5,item\s*1\s*b\b,60,names_section;plausible_len,2,7,39,
22356,CBSH,COMMERCE BANCSHARES INC /MO/,2021,0000022356-22-000014,610010,3,True,35623,18.5,item\s*1\s*b\b,60,names_section;plausible_len,8,20,34,
22356,CBSH,COMMERCE BANCSHARES INC /MO/,2022,0000022356-23-000017,593884,3,True,31498,18.8,item\s*1\s*b\b,60,names_section;plausible_len,8,19,37,
22356,CBSH,COMMERCE BANCSHARES INC /MO/,2023,0000022356-24-000013,601239,4,True,34168,18.4,item\s*1\s*b\b,60,names_section;plausible_len,9,20,35,
22356,CBSH,COMMERCE BANCSHARES INC /MO/,2024,0000022356-25-000016,598984,4,True,34037,18.1,item\s*1\s*b\b,60,names_section;plausible_len,9,20,35,
22356,CBSH,COMMERCE BANCSHARES INC /MO/,2025,0000022356-26-000069,609706,4,True,38994,18.0,item\s*1\s*b\b,60,names_section;plausible_len,9,23,38,
700564,FULT,FULTON FINANCIAL CORP,2021,0000700564-22-000010,588939,6,True,80486,28.3,item\s*1\s*b\b,105,names_section;opener;plausible_len,44,38,47,
700564,FULT,FULTON FINANCIAL CORP,2022,0000700564-23-000015,553212,5,True,65109,31.0,item\s*1\s*b\b,105,names_section;opener;plausible_len,40,35,45,
700564,FULT,FULTON FINANCIAL CORP,2023,0000700564-24-000012,532882,5,True,59268,31.0,item\s*1\s*b\b,105,names_section;opener;plausible_len,39,31,41,
700564,FULT,FULTON FINANCIAL CORP,2024,0000700564-25-000014,551282,5,True,60848,28.9,item\s*1\s*b\b,105,names_section;opener;plausible_len,39,31,41,
700564,FULT,FULTON FINANCIAL CORP,2025,0000700564-26-000006,545464,5,True,65878,29.1,item\s*1\s*b\b,105,names_section;opener;plausible_len,43,35,45,
868671,GBCI,"GLACIER BANCORP, INC.",2021,0000868671-22-000053,483276,2,True,36529,24.6,item\s*1\s*b\b,105,names_section;opener;plausible_len,32,0,32,
868671,GBCI,"GLACIER BANCORP, INC.",2022,0000868671-23-000045,462958,2,True,37996,25.4,item\s*1\s*b\b,105,names_section;opener;plausible_len,32,0,32,
868671,GBCI,"GLACIER BANCORP, INC.",2023,0000868671-24-000042,480127,4,True,36223,26.4,item\s*1\s*b\b,105,names_section;opener;plausible_len,31,0,31,
868671,GBCI,"GLACIER BANCORP, INC.",2024,0000868671-25-000046,492709,4,True,41067,25.2,item\s*1\s*b\b,105,names_section;opener;plausible_len,34,0,34,
868671,GBCI,"GLACIER BANCORP, INC.",2025,0000868671-26-000023,492372,4,True,45304,23.4,item\s*1\s*b\b,105,names_section;opener;plausible_len,35,0,35,
1077428,TCBI,TEXAS CAPITAL BANCSHARES INC/TX,2021,0001077428-22-000012,459872,5,True,92002,24.4,item\s*1\s*b\b,130,names_section;allcaps;opener;plausible_len,29,60,89,
1077428,TCBI,TEXAS CAPITAL BANCSHARES INC/TX,2022,0001077428-23-000014,436925,5,True,93888,24.5,item\s*1\s*b\b,85,names_section;allcaps;plausible_len,42,59,101,
1077428,TCBI,TEXAS CAPITAL BANCSHARES INC/TX,2023,0001077428-24-000040,425333,5,True,94396,24.9,item\s*1\s*b\b,85,names_section;allcaps;plausible_len,12,54,65,
1077428,TCBI,TEXAS CAPITAL BANCSHARES INC/TX,2024,0001077428-25-000036,416998,5,True,89052,25.9,item\s*1\s*b\b,85,names_section;allcaps;plausible_len,12,51,62,
1077428,TCBI,TEXAS CAPITAL BANCSHARES INC/TX,2025,0001077428-26-000010,414544,5,True,85927,25.7,item\s*1\s*b\b,85,names_section;allcaps;plausible_len,11,51,61,
1810546,EBC,"Eastern Bankshares, Inc.",2021,0001628280-22-004022,837985,11,True,155314,29.0,item\s*1\s*b\b,130,names_section;allcaps;opener;plausible_len,93,11,102,
1810546,EBC,"Eastern Bankshares, Inc.",2022,0001628280-23-005001,853786,8,True,137842,27.4,item\s*1\s*b\b,130,names_section;allcaps;opener;plausible_len,87,8,93,
1810546,EBC,"Eastern Bankshares, Inc.",2023,0001628280-24-006922,855627,7,True,122009,26.6,item\s*1\s*b\b,130,names_section;allcaps;opener;plausible_len,79,9,86,
1810546,EBC,"Eastern Bankshares, Inc.",2024,0001628280-25-008583,853912,7,True,121793,25.8,item\s*1\s*b\b,130,names_section;allcaps;opener;plausible_len,78,10,86,
1810546,EBC,"Eastern Bankshares, Inc.",2025,0001628280-26-013126,846930,7,True,120617,27.1,item\s*1\s*b\b,130,names_section;allcaps;opener;plausible_len,76,7,81,
857855,UCB,UNITED COMMUNITY BANKS INC,2021,0000857855-22-000006,579438,6,True,75109,33.2,item\s*1\s*b\b,85,names_section;allcaps;plausible_len,63,10,73,
857855,UCB,UNITED COMMUNITY BANKS INC,2022,0000857855-23-000005,582937,8,True,78683,33.3,item\s*1\s*b\b,85,names_section;allcaps;plausible_len,61,13,74,
857855,UCB,UNITED COMMUNITY BANKS INC,2023,0000857855-24-000010,591921,11,True,77285,31.1,item\s*1\s*b\b,85,names_section;allcaps;plausible_len,64,14,78,
857855,UCB,UNITED COMMUNITY BANKS INC,2024,0000857855-25-000057,613336,9,True,74341,32.7,item\s*1\s*b\b,85,names_section;allcaps;plausible_len,61,10,71,
857855,UCB,UNITED COMMUNITY BANKS INC,2025,0000857855-26-000008,592356,7,True,73927,34.2,item\s*1\s*b\b,85,names_section;allcaps;plausible_len,62,5,67,
203596,WSBC,WESBANCO INC,2021,0000950170-22-002226,665257,2,True,57315,21.3,item\s*1\s*b\b,70,xref_after;names_section;allcaps;opener;plausible_len,42,0,42,
203596,WSBC,WESBANCO INC,2022,0000950170-23-004507,642707,2,True,56497,22.2,item\s*1\s*b\b,70,xref_after;names_section;allcaps;opener;plausible_len,41,0,41,
203596,WSBC,WESBANCO INC,2023,0000950170-24-020323,638896,3,True,53288,21.7,item\s*1\s*b\b,70,xref_after;names_section;allcaps;opener;plausible_len,40,0,40,
203596,WSBC,WESBANCO INC,2024,0000950170-25-030795,649744,4,True,58742,22.1,item\s*1\s*b\b,70,xref_after;names_section;allcaps;opener;plausible_len,45,0,45,
203596,WSBC,WESBANCO INC,2025,0001193125-26-085463,653427,4,True,53088,20.1,item\s*1\s*b\b,70,xref_after;names_section;allcaps;opener;plausible_len,40,0,40,
351569,ABCB,Ameris Bancorp,2021,0000351569-22-000005,574873,3,True,49189,28.4,item\s*1\s*b\b,130,names_section;allcaps;opener;plausible_len,33,30,33,
351569,ABCB,Ameris Bancorp,2022,0000351569-23-000005,533939,3,True,46476,30.0,item\s*1\s*b\b,130,names_section;allcaps;opener;plausible_len,32,29,32,
351569,ABCB,Ameris Bancorp,2023,0000351569-24-000006,502517,4,True,48229,28.6,item\s*1\s*b\b,130,names_section;allcaps;opener;plausible_len,33,30,33,
351569,ABCB,Ameris Bancorp,2024,0000351569-25-000006,513429,4,True,66404,28.2,item\s*1\s*b\b,130,names_section;allcaps;opener;plausible_len,43,37,43,
351569,ABCB,Ameris Bancorp,2025,0000351569-26-000050,499884,4,True,67877,28.1,item\s*1\s*b\b,130,names_section;allcaps;opener;plausible_len,44,38,44,
936528,WAFD,WAFD INC,2021,0000936528-21-000122,451925,4,True,65332,36.0,item\s*1\s*b\b,60,names_section;plausible_len,38,1,43,
936528,WAFD,WAFD INC,2022,0000936528-22-000143,461621,3,True,75553,34.9,item\s*1\s*b\b,60,names_section;plausible_len,43,1,47,
936528,WAFD,WAFD INC,2023,0000936528-23-000207,469451,3,True,76593,34.2,item\s*1\s*b\b,60,names_section;plausible_len,44,1,45,
936528,WAFD,WAFD INC,2024,0000936528-24-000164,527313,4,True,79543,34.3,item\s*1\s*b\b,60,names_section;plausible_len,45,1,46,
936528,WAFD,WAFD INC,2025,0000936528-25-000117,530353,4,True,78195,35.7,item\s*1\s*b\b,60,names_section;plausible_len,70,5,75,
715072,RNST,RENASANT CORP,2021,0000715072-22-000091,716895,2,True,57748,39.4,item\s*1\s*b\b,130,names_section;allcaps;opener;plausible_len,6,32,42,
715072,RNST,RENASANT CORP,2022,0000715072-23-000054,587892,2,True,58786,31.5,item\s*1\s*b\b,130,names_section;allcaps;opener;plausible_len,6,32,42,
715072,RNST,RENASANT CORP,2023,0000715072-24-000042,622617,2,True,62788,31.7,item\s*1\s*b\b,130,names_section;allcaps;opener;plausible_len,6,33,43,
715072,RNST,RENASANT CORP,2024,0000715072-25-000054,653346,2,True,69230,32.5,item\s*1\s*b\b,130,names_section;allcaps;opener;plausible_len,6,40,50,
715072,RNST,RENASANT CORP,2025,0000715072-26-000017,685448,2,True,65475,31.5,item\s*1\s*b\b,130,names_section;allcaps;opener;plausible_len,4,32,40,
860413,FIBK,FIRST INTERSTATE BANCSYSTEM INC,2021,0000860413-22-000065,593921,8,True,81562,26.5,item\s*1\s*b\b,60,names_section;plausible_len,61,47,77,
860413,FIBK,FIRST INTERSTATE BANCSYSTEM INC,2022,0000860413-23-000045,667208,7,True,79430,27.3,item\s*1\s*b\b,60,names_section;plausible_len,58,44,87,
860413,FIBK,FIRST INTERSTATE BANCSYSTEM INC,2023,0000860413-24-000016,716866,7,True,90620,29.0,item\s*1\s*b\b,60,names_section;plausible_len,63,49,96,
860413,FIBK,FIRST INTERSTATE BANCSYSTEM INC,2024,0000860413-25-000022,661393,7,True,95917,30.2,item\s*1\s*b\b,60,names_section;plausible_len,51,43,68,
860413,FIBK,FIRST INTERSTATE BANCSYSTEM INC,2025,0000860413-26-000011,680739,7,True,109097,30.4,item\s*1\s*b\b,60,names_section;plausible_len,52,44,72,
1178970,PFS,PROVIDENT FINANCIAL SERVICES INC,2021,0001628280-22-004544,623271,2,True,45207,42.0,item\s*1\s*b\b,55,names_section;plausible_len,29,22,29,
1178970,PFS,PROVIDENT FINANCIAL SERVICES INC,2022,0001628280-23-005795,607778,2,True,64225,42.5,item\s*4\b,55,names_section;plausible_len,41,33,41,
1178970,PFS,PROVIDENT FINANCIAL SERVICES INC,2023,0001628280-24-007678,632629,3,True,68338,41.1,item\s*1\s*b\b,55,names_section;plausible_len,39,31,39,
1178970,PFS,PROVIDENT FINANCIAL SERVICES INC,2024,0001628280-25-008991,652716,3,True,60819,40.5,item\s*1\s*b\b,55,names_section;plausible_len,39,30,39,
1178970,PFS,PROVIDENT FINANCIAL SERVICES INC,2025,0001628280-26-012814,652166,3,True,61706,40.6,item\s*1\s*b\b,55,names_section;plausible_len,42,32,42,
776901,INDB,INDEPENDENT BANK CORP,2021,0000776901-22-000048,626365,4,True,71294,25.6,item\s*1\s*b\b,85,names_section;allcaps;plausible_len,52,18,78,
776901,INDB,INDEPENDENT BANK CORP,2022,0000776901-23-000064,577764,3,True,68151,22.9,item\s*1\s*b\b,85,names_section;allcaps;plausible_len,51,16,66,
776901,INDB,INDEPENDENT BANK CORP,2023,0000776901-24-000069,569015,4,True,61827,24.2,item\s*1\s*b\b,85,names_section;allcaps;plausible_len,51,12,62,
776901,INDB,INDEPENDENT BANK CORP,2024,0000776901-25-000093,588469,4,True,66124,25.7,item\s*1\s*b\b,85,names_section;allcaps;plausible_len,50,12,51,
776901,INDB,INDEPENDENT BANK CORP,2025,0000776901-26-000058,608714,4,True,74628,23.8,item\s*1\s*b\b,130,names_section;allcaps;opener;plausible_len,56,13,57,
1488813,CUBI,"Customers Bancorp, Inc.",2021,0001488813-22-000018,837224,2,True,166426,25.4,item\s*1\s*b\b,60,names_section;plausible_len,92,75,97,
1488813,CUBI,"Customers Bancorp, Inc.",2022,0001488813-23-000012,894062,3,True,178945,25.4,item\s*1\s*b\b,60,names_section;plausible_len,92,75,98,
1488813,CUBI,"Customers Bancorp, Inc.",2023,0001488813-24-000010,870262,2,True,185003,24.4,item\s*1\s*b\b,60,names_section;plausible_len,97,78,102,
1488813,CUBI,"Customers Bancorp, Inc.",2024,0001488813-25-000013,847501,2,True,185781,24.2,item\s*1\s*b\b,60,names_section;plausible_len,97,78,102,
1488813,CUBI,"Customers Bancorp, Inc.",2025,0001488813-26-000029,816563,2,True,169399,24.9,item\s*1\s*b\b,60,names_section;plausible_len,82,66,86,
90498,SFNC,SIMMONS FIRST NATIONAL CORP,2021,0001628280-22-003933,611407,4,True,62092,26.0,item\s*1\s*b\b,130,names_section;allcaps;opener;plausible_len,50,46,55,
90498,SFNC,SIMMONS FIRST NATIONAL CORP,2022,0001628280-23-005228,604306,4,True,64894,26.1,item\s*1\s*b\b,130,names_section;allcaps;opener;plausible_len,55,51,60,
90498,SFNC,SIMMONS FIRST NATIONAL CORP,2023,0001628280-24-007263,594799,5,True,63334,25.6,item\s*1\s*b\b,130,names_section;allcaps;opener;plausible_len,54,51,59,
90498,SFNC,SIMMONS FIRST NATIONAL CORP,2024,0001628280-25-008639,574182,5,True,67947,24.6,item\s*1\s*b\b,130,names_section;allcaps;opener;plausible_len,56,53,61,
90498,SFNC,SIMMONS FIRST NATIONAL CORP,2025,0001628280-26-011618,583377,5,True,74968,24.6,item\s*1\s*b\b,130,names_section;allcaps;opener;plausible_len,57,55,63,
861842,CATY,CATHAY GENERAL BANCORP,2021,0001437749-22-004752,627845,11,True,103691,28.5,item\s*1\s*b\b,60,names_section;plausible_len,66,115,122,
861842,CATY,CATHAY GENERAL BANCORP,2022,0001437749-23-004952,610343,10,True,97264,29.3,item\s*1\s*b\b,60,names_section;plausible_len,67,113,121,
861842,CATY,CATHAY GENERAL BANCORP,2023,0001437749-24-005948,589728,10,True,97249,28.8,item\s*1\s*b\b,60,names_section;plausible_len,65,107,114,
861842,CATY,CATHAY GENERAL BANCORP,2024,0001437749-25-005749,597149,10,True,98925,29.2,item\s*1\s*b\b,60,names_section;plausible_len,65,107,114,
861842,CATY,CATHAY GENERAL BANCORP,2025,0001437749-26-006157,602577,11,True,99100,30.8,item\s*1\s*b\b,60,names_section;plausible_len,65,107,114,
46195,BOH,BANK OF HAWAII CORP,2021,0001564590-22-007841,537540,2,True,45159,19.3,item\s*1\s*b\b,60,names_section;plausible_len,5,29,42,
46195,BOH,BANK OF HAWAII CORP,2022,0001564590-23-002876,507562,2,True,44434,20.8,item\s*1\s*b\b,60,names_section;plausible_len,5,29,42,
46195,BOH,BANK OF HAWAII CORP,2023,0000950170-24-023196,532064,3,True,44827,21.6,item\s*1\s*b\b,60,names_section;plausible_len,6,29,43,
46195,BOH,BANK OF HAWAII CORP,2024,0000950170-25-031193,535682,4,True,55078,23.4,item\s*1\s*b\b,60,names_section;plausible_len,16,34,50,
46195,BOH,BANK OF HAWAII CORP,2025,0000046195-26-000015,529675,4,True,61930,22.7,item\s*1\s*b\b,60,names_section;plausible_len,17,33,50,
36377,FHB,"FIRST HAWAIIAN, INC.",2021,0001558370-22-002181,746302,4,True,116863,18.9,item\s*1\s*b\b,80,names_section;allcaps;plausible_len,81,102,124,
36377,FHB,"FIRST HAWAIIAN, INC.",2022,0001558370-23-002048,744295,4,True,113195,20.1,item\s*1\s*b\b,80,names_section;allcaps;plausible_len,80,102,122,
36377,FHB,"FIRST HAWAIIAN, INC.",2023,0001558370-24-001995,779910,5,True,118145,20.4,item\s*1\s*b\b,80,names_section;allcaps;plausible_len,81,103,123,
36377,FHB,"FIRST HAWAIIAN, INC.",2024,0001558370-25-001943,792088,5,True,122222,21.2,item\s*1\s*b\b,80,names_section;allcaps;plausible_len,79,101,121,
36377,FHB,"FIRST HAWAIIAN, INC.",2025,0001104659-26-021544,784307,5,True,121816,21.6,item\s*1\s*b\b,80,names_section;allcaps;plausible_len,80,102,122,
1108134,BBT,Beacon Financial Corp,2021,0001108134-22-000004,602263,4,True,40735,34.1,item\s*1\s*b\b,25,xref_after;names_section;allcaps;plausible_len,42,32,52,
1108134,BBT,Beacon Financial Corp,2022,0001108134-23-000006,602311,4,True,40807,34.1,item\s*1\s*b\b,25,xref_after;names_section;allcaps;plausible_len,42,32,51,
1108134,BBT,Beacon Financial Corp,2023,0001108134-24-000003,590889,5,True,54150,35.9,item\s*1\s*b\b,25,xref_after;names_section;allcaps;plausible_len,51,40,62,
1108134,BBT,Beacon Financial Corp,2024,0001108134-25-000003,593068,5,True,70708,34.8,item\s*1\s*b\b,25,xref_after;names_section;allcaps;plausible_len,67,55,82,
1108134,BBT,Beacon Financial Corp,2025,0001628280-26-013247,612691,4,True,65381,23.4,item\s*1\s*b\b,60,names_section;plausible_len,57,47,68,
1331520,HOMB,HOME BANCSHARES INC,2021,0001331520-22-000015,697276,2,True,65647,29.3,item\s*1\s*b\b,105,names_section;opener;plausible_len,39,36,67,
1331520,HOMB,HOME BANCSHARES INC,2022,0001331520-23-000011,667199,2,True,53886,28.7,item\s*1\s*b\b,105,names_section;opener;plausible_len,33,30,45,
1331520,HOMB,HOME BANCSHARES INC,2023,0001331520-24-000080,680556,2,True,54950,28.2,item\s*1\s*b\b,105,names_section;opener;plausible_len,34,31,45,
1331520,HOMB,HOME BANCSHARES INC,2024,0001331520-25-000076,676962,2,True,54380,29.4,item\s*1\s*b\b,105,names_section;opener;plausible_len,33,30,44,
1331520,HOMB,HOME BANCSHARES INC,2025,0001331520-26-000051,674987,2,True,58006,31.2,item\s*1\s*b\b,105,names_section;opener;plausible_len,37,33,48,
1518715,MCHB,Mechanics Bancorp,2021,0001518715-22-000066,432448,2,True,313193,27.6,,85,names_section;allcaps;plausible_len,228,75,347,
1518715,MCHB,Mechanics Bancorp,2022,0001518715-23-000047,427387,1,True,303609,29.0,,85,names_section;allcaps;plausible_len,222,76,357,
1518715,MCHB,Mechanics Bancorp,2023,0001518715-24-000075,549367,2,True,70702,38.7,item\s*1\s*c\b,85,names_section;allcaps;plausible_len,50,43,51,
1518715,MCHB,Mechanics Bancorp,2024,0001518715-25-000026,437829,3,True,47384,28.5,item\s*1\s*c\b,85,names_section;allcaps;plausible_len,33,27,34,
1518715,MCHB,Mechanics Bancorp,2025,0001518715-26-000026,611377,8,True,95714,30.1,item\s*1\s*b\b,130,names_section;allcaps;opener;plausible_len,152,156,163,
