flagged,cik,ticker,name,fiscal_year,section_chars,n_risks,n_categories,furniture_dropped,summary_runs_dropped,has_risk_summary,short_bodies,median_risk_chars
,1015328,WTFC,WINTRUST FINANCIAL CORP,2021,108356,59,10,43,2,True,0,1289
,1015328,WTFC,WINTRUST FINANCIAL CORP,2022,111836,60,10,42,2,True,0,1374.0
,1015328,WTFC,WINTRUST FINANCIAL CORP,2023,114444,60,10,42,2,True,0,1413.0
,1015328,WTFC,WINTRUST FINANCIAL CORP,2024,110707,60,10,42,2,True,0,1344.5
,1015328,WTFC,WINTRUST FINANCIAL CORP,2025,115925,61,10,42,2,True,0,1370
,1068851,PB,PROSPERITY BANCSHARES INC,2021,67733,40,10,58,0,False,0,1406.0
,1068851,PB,PROSPERITY BANCSHARES INC,2022,71023,42,10,58,0,False,0,1410.5
,1068851,PB,PROSPERITY BANCSHARES INC,2023,79407,44,9,65,0,False,0,1595.5
,1068851,PB,PROSPERITY BANCSHARES INC,2024,78209,45,9,45,0,False,0,1616
,1068851,PB,PROSPERITY BANCSHARES INC,2025,81650,46,9,47,0,False,0,1607.0
,1069157,EWBC,EAST WEST BANCORP INC,2021,67988,36,11,36,0,False,0,1463.0
,1069157,EWBC,EAST WEST BANCORP INC,2022,63553,39,9,36,0,False,0,1371
,1069157,EWBC,EAST WEST BANCORP INC,2023,68502,40,9,36,0,False,0,1463.5
,1069157,EWBC,EAST WEST BANCORP INC,2024,62494,38,9,34,0,False,0,1429.5
,1069157,EWBC,EAST WEST BANCORP INC,2025,62174,36,9,34,0,False,0,1594.5
,109380,ZION,"ZIONS BANCORPORATION, NATIONAL ASSOCIATION /UT/",2021,38362,31,11,13,0,False,0,1008
,109380,ZION,"ZIONS BANCORPORATION, NATIONAL ASSOCIATION /UT/",2022,40280,33,11,19,0,False,0,992
,109380,ZION,"ZIONS BANCORPORATION, NATIONAL ASSOCIATION /UT/",2023,45177,33,11,20,0,False,0,1139
,109380,ZION,"ZIONS BANCORPORATION, NATIONAL ASSOCIATION /UT/",2024,45879,35,11,20,0,False,0,1178
,109380,ZION,"ZIONS BANCORPORATION, NATIONAL ASSOCIATION /UT/",2025,54648,38,11,24,0,False,0,1211.0
,1169770,BANC,"BANC OF CALIFORNIA, INC.",2021,89493,46,5,92,10,True,0,1414.0
,1169770,BANC,"BANC OF CALIFORNIA, INC.",2022,92388,54,7,80,13,True,0,1283.5
,1169770,BANC,"BANC OF CALIFORNIA, INC.",2023,97383,57,6,107,4,True,0,1418
,1169770,BANC,"BANC OF CALIFORNIA, INC.",2024,103869,56,5,110,4,True,0,1517.5
,1169770,BANC,"BANC OF CALIFORNIA, INC.",2025,80454,46,5,18,0,False,0,1563.5
,1178970,PFS,PROVIDENT FINANCIAL SERVICES INC,2021,45207,21,3,23,0,False,0,1896
,1178970,PFS,PROVIDENT FINANCIAL SERVICES INC,2022,64225,33,4,22,0,False,0,1641
,1178970,PFS,PROVIDENT FINANCIAL SERVICES INC,2023,68338,29,4,23,0,False,0,2303
,1178970,PFS,PROVIDENT FINANCIAL SERVICES INC,2024,60819,30,5,17,0,False,0,1873.0
,1178970,PFS,PROVIDENT FINANCIAL SERVICES INC,2025,61706,32,6,18,0,False,0,1532.5
,1212545,WAL,WESTERN ALLIANCE BANCORPORATION,2021,75534,40,7,68,0,False,0,1573.0
,1212545,WAL,WESTERN ALLIANCE BANCORPORATION,2022,72527,41,7,59,0,False,0,1537
,1212545,WAL,WESTERN ALLIANCE BANCORPORATION,2023,78318,41,7,61,0,False,0,1541
,1212545,WAL,WESTERN ALLIANCE BANCORPORATION,2024,81924,42,7,65,0,False,0,1709.0
,1212545,WAL,WESTERN ALLIANCE BANCORPORATION,2025,87953,43,7,66,0,False,0,1970
,1281761,RF,REGIONS FINANCIAL CORP,2021,98179,44,2,39,0,False,0,1688.0
,1281761,RF,REGIONS FINANCIAL CORP,2022,116355,48,10,100,24,True,0,1627.0
,1281761,RF,REGIONS FINANCIAL CORP,2023,117969,48,10,99,24,True,0,1654.0
,1281761,RF,REGIONS FINANCIAL CORP,2024,123397,48,10,100,24,True,0,1701.0
,1281761,RF,REGIONS FINANCIAL CORP,2025,122266,48,10,49,0,False,0,1688.0
,1331520,HOMB,HOME BANCSHARES INC,2021,65647,34,5,33,0,False,0,1681.5
,1331520,HOMB,HOME BANCSHARES INC,2022,53886,29,3,41,0,False,0,1709
,1331520,HOMB,HOME BANCSHARES INC,2023,54950,30,3,39,0,False,0,1698.5
,1331520,HOMB,HOME BANCSHARES INC,2024,54380,29,3,38,0,False,0,1636
,1331520,HOMB,HOME BANCSHARES INC,2025,58006,32,3,38,0,False,0,1567.5
,1488813,CUBI,"Customers Bancorp, Inc.",2021,166426,76,7,127,2,True,0,1698.0
,1488813,CUBI,"Customers Bancorp, Inc.",2022,178945,77,7,131,2,True,0,1824
,1488813,CUBI,"Customers Bancorp, Inc.",2023,185003,79,7,129,2,True,0,1764
,1488813,CUBI,"Customers Bancorp, Inc.",2024,185781,78,7,136,2,True,0,1844.5
,1488813,CUBI,"Customers Bancorp, Inc.",2025,169399,66,6,121,2,True,0,2132.0
,1504008,BKU,"BankUnited, Inc.",2021,69883,39,7,52,0,False,0,1424
,1504008,BKU,"BankUnited, Inc.",2022,69650,41,7,52,0,False,0,1384
,1504008,BKU,"BankUnited, Inc.",2023,77512,43,7,14,0,False,0,1468
,1504008,BKU,"BankUnited, Inc.",2024,81320,41,7,14,0,False,0,1459
,1504008,BKU,"BankUnited, Inc.",2025,79363,39,7,13,0,False,0,1459
,1810546,EBC,"Eastern Bankshares, Inc.",2021,155314,87,5,107,2,True,0,1585
,1810546,EBC,"Eastern Bankshares, Inc.",2022,137842,78,5,98,2,True,0,1523.0
,1810546,EBC,"Eastern Bankshares, Inc.",2023,122009,71,6,86,2,True,0,1526
,1810546,EBC,"Eastern Bankshares, Inc.",2024,121793,70,6,86,2,True,0,1521.5
,1810546,EBC,"Eastern Bankshares, Inc.",2025,120617,69,4,85,2,True,0,1525
,203596,WSBC,WESBANCO INC,2021,57315,29,10,48,0,False,0,1601
,203596,WSBC,WESBANCO INC,2022,56497,28,10,48,0,False,0,1623.5
,203596,WSBC,WESBANCO INC,2023,53288,27,10,47,0,False,0,1601
,203596,WSBC,WESBANCO INC,2024,58742,31,11,58,0,False,0,1601
,203596,WSBC,WESBANCO INC,2025,53088,27,10,47,0,False,0,1603
,22356,CBSH,COMMERCE BANCSHARES INC /MO/,2021,35623,20,7,25,0,False,0,1541.0
,22356,CBSH,COMMERCE BANCSHARES INC /MO/,2022,31498,20,8,10,0,False,0,1471.0
,22356,CBSH,COMMERCE BANCSHARES INC /MO/,2023,34168,20,8,18,0,False,0,1607.0
,22356,CBSH,COMMERCE BANCSHARES INC /MO/,2024,34037,20,8,18,0,False,0,1563.0
,22356,CBSH,COMMERCE BANCSHARES INC /MO/,2025,38994,23,8,17,0,False,0,1531
,351569,ABCB,Ameris Bancorp,2021,49189,30,2,43,0,False,0,1483.5
,351569,ABCB,Ameris Bancorp,2022,46476,29,2,37,0,False,0,1470
,351569,ABCB,Ameris Bancorp,2023,48229,30,2,39,0,False,0,1497.0
,351569,ABCB,Ameris Bancorp,2024,66404,37,5,33,0,False,0,1536
,351569,ABCB,Ameris Bancorp,2025,67877,38,5,33,0,False,0,1554.0
,35527,FITB,FIFTH THIRD BANCORP,2021,110702,44,8,106,10,True,0,1755.0
,35527,FITB,FIFTH THIRD BANCORP,2022,106652,45,8,105,10,True,0,1680
,35527,FITB,FIFTH THIRD BANCORP,2023,95333,45,8,51,0,False,0,1531
,35527,FITB,FIFTH THIRD BANCORP,2024,93525,45,8,37,0,False,0,1625
,35527,FITB,FIFTH THIRD BANCORP,2025,81352,44,8,36,0,False,0,1427.5
,36270,MTB,M&T BANK CORP,2021,108235,45,10,105,1,True,0,1652
,36270,MTB,M&T BANK CORP,2022,92768,40,9,83,1,True,0,1677.5
,36270,MTB,M&T BANK CORP,2023,85456,35,8,79,3,True,0,1964
,36270,MTB,M&T BANK CORP,2024,89679,37,7,82,3,True,0,2204
,36270,MTB,M&T BANK CORP,2025,90080,37,7,82,3,True,0,2042
,36377,FHB,"FIRST HAWAIIAN, INC.",2021,116863,52,8,300,18,True,0,1646.0
,36377,FHB,"FIRST HAWAIIAN, INC.",2022,113195,50,7,286,19,True,0,1645.0
,36377,FHB,"FIRST HAWAIIAN, INC.",2023,118145,50,7,291,19,True,0,1744.0
,36377,FHB,"FIRST HAWAIIAN, INC.",2024,122222,50,7,289,19,True,0,1822.0
,36377,FHB,"FIRST HAWAIIAN, INC.",2025,121816,50,7,293,19,True,0,1711.5
,37808,FNB,FNB CORP/PA/,2021,74032,36,12,77,0,False,0,1620.0
,37808,FNB,FNB CORP/PA/,2022,77599,37,9,53,0,False,0,1741
,37808,FNB,FNB CORP/PA/,2023,81899,39,8,40,0,False,0,1857
,37808,FNB,FNB CORP/PA/,2024,79228,39,7,39,0,False,0,1807
,37808,FNB,FNB CORP/PA/,2025,77430,37,7,44,0,False,0,1807
,39263,CFR,"CULLEN/FROST BANKERS, INC.",2021,72139,41,10,28,0,False,0,1575
,39263,CFR,"CULLEN/FROST BANKERS, INC.",2022,70986,40,9,28,0,False,0,1553.0
,39263,CFR,"CULLEN/FROST BANKERS, INC.",2023,69912,39,9,26,0,False,0,1575
,39263,CFR,"CULLEN/FROST BANKERS, INC.",2024,73502,39,9,28,0,False,0,1554
,39263,CFR,"CULLEN/FROST BANKERS, INC.",2025,75190,41,9,28,0,False,0,1550
,40729,ALLY,Ally Financial Inc.,2021,103063,42,4,52,0,False,0,2026.5
,40729,ALLY,Ally Financial Inc.,2022,104286,42,4,51,0,False,0,2058.5
,40729,ALLY,Ally Financial Inc.,2023,107062,43,4,51,0,False,0,2230
,40729,ALLY,Ally Financial Inc.,2024,131183,45,4,110,45,True,0,2175
,40729,ALLY,Ally Financial Inc.,2025,131454,45,4,110,45,True,0,2121
,46195,BOH,BANK OF HAWAII CORP,2021,45159,28,4,18,0,False,0,1176.0
,46195,BOH,BANK OF HAWAII CORP,2022,44434,28,4,17,0,False,0,1237.0
,46195,BOH,BANK OF HAWAII CORP,2023,44827,28,4,16,0,False,0,1205.5
,46195,BOH,BANK OF HAWAII CORP,2024,55078,31,5,18,0,False,0,1284
,46195,BOH,BANK OF HAWAII CORP,2025,61930,33,5,22,0,False,0,1289
,49196,HBAN,HUNTINGTON BANCSHARES INC /MD/,2021,79944,39,12,72,21,True,0,1506
,49196,HBAN,HUNTINGTON BANCSHARES INC /MD/,2022,68849,33,8,55,0,False,0,1574
,49196,HBAN,HUNTINGTON BANCSHARES INC /MD/,2023,64297,30,9,49,0,False,0,1561.5
,49196,HBAN,HUNTINGTON BANCSHARES INC /MD/,2024,70797,36,10,38,0,False,0,1616.0
,49196,HBAN,HUNTINGTON BANCSHARES INC /MD/,2025,86290,34,8,104,21,True,0,1616.5
,700564,FULT,FULTON FINANCIAL CORP,2021,80486,35,8,15,0,False,0,2039
,700564,FULT,FULTON FINANCIAL CORP,2022,65109,33,9,17,0,False,0,1681
,700564,FULT,FULTON FINANCIAL CORP,2023,59268,29,9,11,0,False,0,1622
,700564,FULT,FULTON FINANCIAL CORP,2024,60848,29,9,12,0,False,0,1492
,700564,FULT,FULTON FINANCIAL CORP,2025,65878,33,9,13,0,False,0,1622
,707179,ONB,OLD NATIONAL BANCORP /IN/,2021,62517,39,5,45,0,False,0,1201
,707179,ONB,OLD NATIONAL BANCORP /IN/,2022,74948,41,5,36,0,False,0,1549
,707179,ONB,OLD NATIONAL BANCORP /IN/,2023,78577,42,5,35,0,False,0,1532.5
,707179,ONB,OLD NATIONAL BANCORP /IN/,2024,80900,43,5,35,0,False,0,1531
,707179,ONB,OLD NATIONAL BANCORP /IN/,2025,81511,42,5,36,0,False,0,1542.5
,714310,VLY,VALLEY NATIONAL BANCORP,2021,78311,49,6,29,0,False,0,1422
,714310,VLY,VALLEY NATIONAL BANCORP,2022,65510,39,6,22,0,False,0,1533
,714310,VLY,VALLEY NATIONAL BANCORP,2023,74929,38,5,28,0,False,0,1510.5
,714310,VLY,VALLEY NATIONAL BANCORP,2024,79560,38,6,28,0,False,0,1553.0
,714310,VLY,VALLEY NATIONAL BANCORP,2025,81564,38,6,29,0,False,0,1553.0
,715072,RNST,RENASANT CORP,2021,57748,31,4,56,0,False,0,1378
,715072,RNST,RENASANT CORP,2022,58786,31,4,46,0,False,0,1375
,715072,RNST,RENASANT CORP,2023,62788,32,4,43,0,False,0,1348.0
,715072,RNST,RENASANT CORP,2024,69230,40,4,48,0,False,0,1246.0
,715072,RNST,RENASANT CORP,2025,65475,32,3,43,0,False,0,1443.0
,729986,UBSI,UNITED BANKSHARES INC/WV,2021,66359,34,8,58,0,False,0,1547.0
,729986,UBSI,UNITED BANKSHARES INC/WV,2022,60381,33,7,36,0,False,0,1519
,729986,UBSI,UNITED BANKSHARES INC/WV,2023,57243,32,7,35,0,False,0,1470.0
,729986,UBSI,UNITED BANKSHARES INC/WV,2024,52212,30,7,34,0,False,0,1465.0
,729986,UBSI,UNITED BANKSHARES INC/WV,2025,54423,30,7,30,0,False,0,1518.5
,73124,NTRS,NORTHERN TRUST CORP,2021,82628,45,8,38,0,False,0,1462
,73124,NTRS,NORTHERN TRUST CORP,2022,96596,52,7,88,0,False,0,1397.5
,73124,NTRS,NORTHERN TRUST CORP,2023,106012,53,7,93,0,False,0,1545
,73124,NTRS,NORTHERN TRUST CORP,2024,110018,52,7,94,0,False,0,1683.5
,73124,NTRS,NORTHERN TRUST CORP,2025,107952,52,7,96,0,False,0,1579.5
,750577,HWC,HANCOCK WHITNEY CORP,2021,84188,38,7,35,0,False,0,1385.0
,750577,HWC,HANCOCK WHITNEY CORP,2022,74327,37,7,42,0,False,0,1534
,750577,HWC,HANCOCK WHITNEY CORP,2023,73812,36,7,40,0,False,0,1601.0
,750577,HWC,HANCOCK WHITNEY CORP,2024,79314,39,7,41,0,False,0,1582
,750577,HWC,HANCOCK WHITNEY CORP,2025,85839,39,7,45,0,False,0,1759
,759944,CFG,CITIZENS FINANCIAL GROUP INC/RI,2021,72824,41,5,25,0,False,0,1490
,759944,CFG,CITIZENS FINANCIAL GROUP INC/RI,2022,71367,38,4,26,0,False,0,1621.5
,759944,CFG,CITIZENS FINANCIAL GROUP INC/RI,2023,62818,36,4,25,0,False,0,1460.0
,759944,CFG,CITIZENS FINANCIAL GROUP INC/RI,2024,61452,36,4,25,0,False,0,1406.0
,759944,CFG,CITIZENS FINANCIAL GROUP INC/RI,2025,60671,36,4,25,0,False,0,1406.0
,763901,BPOP,"POPULAR, INC.",2021,103796,24,8,122,0,False,0,2868.0
,763901,BPOP,"POPULAR, INC.",2022,79680,30,9,38,0,False,0,2288.5
,763901,BPOP,"POPULAR, INC.",2023,81487,28,7,29,0,False,0,2250.5
,763901,BPOP,"POPULAR, INC.",2024,79094,27,8,27,0,False,0,2307
,763901,BPOP,"POPULAR, INC.",2025,79663,25,8,29,0,False,0,2381
"Acquired Independent Bank Group January 2025; assets to ~$65B. Item 1A extraction also over-reaches (218,000 chars against a 78,000 median), so its split counts are unreliable.",764038,SSB,SouthState Bank Corp,2021,218030,105,8,551,1,True,0,1620
"Acquired Independent Bank Group January 2025; assets to ~$65B. Item 1A extraction also over-reaches (218,000 chars against a 78,000 median), so its split counts are unreliable.",764038,SSB,SouthState Bank Corp,2022,218711,105,8,515,1,True,0,1608
"Acquired Independent Bank Group January 2025; assets to ~$65B. Item 1A extraction also over-reaches (218,000 chars against a 78,000 median), so its split counts are unreliable.",764038,SSB,SouthState Bank Corp,2023,153412,69,4,176,4,True,0,1723
"Acquired Independent Bank Group January 2025; assets to ~$65B. Item 1A extraction also over-reaches (218,000 chars against a 78,000 median), so its split counts are unreliable.",764038,SSB,SouthState Bank Corp,2024,166107,73,4,198,4,True,0,1661
"Acquired Independent Bank Group January 2025; assets to ~$65B. Item 1A extraction also over-reaches (218,000 chars against a 78,000 median), so its split counts are unreliable.",764038,SSB,SouthState Bank Corp,2025,159069,70,4,176,4,True,0,1658.5
,776901,INDB,INDEPENDENT BANK CORP,2021,71294,42,10,12,0,False,0,1438.5
,776901,INDB,INDEPENDENT BANK CORP,2022,68151,39,10,23,0,False,0,1464
,776901,INDB,INDEPENDENT BANK CORP,2023,61827,35,10,20,0,False,0,1469
,776901,INDB,INDEPENDENT BANK CORP,2024,66124,34,10,18,0,False,0,1644.0
,776901,INDB,INDEPENDENT BANK CORP,2025,74628,37,11,12,0,False,0,1762
,7789,ASB,ASSOCIATED BANC-CORP,2021,111884,67,8,56,0,False,0,1279
,7789,ASB,ASSOCIATED BANC-CORP,2022,115017,64,8,56,0,False,0,1278.0
,7789,ASB,ASSOCIATED BANC-CORP,2023,132798,69,7,55,0,False,0,1299
,7789,ASB,ASSOCIATED BANC-CORP,2024,134026,70,7,56,0,False,0,1385.0
,7789,ASB,ASSOCIATED BANC-CORP,2025,113734,66,7,59,0,False,0,1357.0
,798941,FCNCA,FIRST CITIZENS BANCSHARES INC /DE/,2021,96485,49,9,49,37,True,0,1411
,798941,FCNCA,FIRST CITIZENS BANCSHARES INC /DE/,2022,101712,48,9,51,36,True,0,1578.5
,798941,FCNCA,FIRST CITIZENS BANCSHARES INC /DE/,2023,116769,47,9,52,36,True,0,1745
,798941,FCNCA,FIRST CITIZENS BANCSHARES INC /DE/,2024,119031,53,9,61,0,False,0,1767
,798941,FCNCA,FIRST CITIZENS BANCSHARES INC /DE/,2025,99729,53,8,75,0,False,0,1556
,801337,WBS,WEBSTER FINANCIAL CORP,2021,53538,35,7,48,0,False,0,1288
,801337,WBS,WEBSTER FINANCIAL CORP,2022,58880,40,8,39,0,False,0,1290.0
,801337,WBS,WEBSTER FINANCIAL CORP,2023,55133,37,7,43,0,False,0,1277
,801337,WBS,WEBSTER FINANCIAL CORP,2024,70684,47,7,49,0,False,0,1283
,801337,WBS,WEBSTER FINANCIAL CORP,2025,103719,60,7,119,2,True,0,1441.5
,811830,,"Santander Holdings USA, Inc.",2021,137568,61,14,98,0,False,0,1609
,811830,,"Santander Holdings USA, Inc.",2022,135043,61,14,92,0,False,0,1609
,811830,,"Santander Holdings USA, Inc.",2023,138081,60,13,95,0,False,0,1681.5
,811830,,"Santander Holdings USA, Inc.",2024,139640,61,13,97,0,False,0,1724
,811830,,"Santander Holdings USA, Inc.",2025,135598,57,12,84,0,False,0,1756
,83246,,HSBC USA INC /MD/,2021,89163,41,3,84,0,False,0,1874
,83246,,HSBC USA INC /MD/,2022,81357,39,3,65,0,False,0,1810
,83246,,HSBC USA INC /MD/,2023,80376,37,3,59,0,False,0,1476
,83246,,HSBC USA INC /MD/,2024,83884,39,3,60,0,False,0,1590
,83246,,HSBC USA INC /MD/,2025,79558,36,3,60,0,False,0,1906.5
,857855,UCB,UNITED COMMUNITY BANKS INC,2021,75109,43,15,80,0,False,0,1557
,857855,UCB,UNITED COMMUNITY BANKS INC,2022,78683,41,15,79,0,False,0,1557
,857855,UCB,UNITED COMMUNITY BANKS INC,2023,77285,44,15,59,0,False,0,1525.0
,857855,UCB,UNITED COMMUNITY BANKS INC,2024,74341,43,13,59,0,False,0,1538
,857855,UCB,UNITED COMMUNITY BANKS INC,2025,73927,45,13,57,0,False,0,1504
,860413,FIBK,FIRST INTERSTATE BANCSYSTEM INC,2021,81562,41,8,52,0,False,0,1526
,860413,FIBK,FIRST INTERSTATE BANCSYSTEM INC,2022,79430,43,10,52,0,False,0,1605
,860413,FIBK,FIRST INTERSTATE BANCSYSTEM INC,2023,90620,53,9,55,0,False,0,1290
,860413,FIBK,FIRST INTERSTATE BANCSYSTEM INC,2024,95917,42,8,55,0,False,0,1502.5
,860413,FIBK,FIRST INTERSTATE BANCSYSTEM INC,2025,109097,43,8,61,0,False,0,1864
,861842,CATY,CATHAY GENERAL BANCORP,2021,103691,47,6,138,40,True,0,1667
,861842,CATY,CATHAY GENERAL BANCORP,2022,97264,47,6,123,39,True,0,1667
,861842,CATY,CATHAY GENERAL BANCORP,2023,97249,45,6,125,38,True,0,1667
,861842,CATY,CATHAY GENERAL BANCORP,2024,98925,45,6,110,38,True,0,1678
,861842,CATY,CATHAY GENERAL BANCORP,2025,99100,45,6,110,38,True,0,1678
,868671,GBCI,"GLACIER BANCORP, INC.",2021,36529,26,5,12,0,False,0,1237.0
,868671,GBCI,"GLACIER BANCORP, INC.",2022,37996,26,5,12,0,False,0,1271.5
,868671,GBCI,"GLACIER BANCORP, INC.",2023,36223,25,5,12,0,False,0,1286
,868671,GBCI,"GLACIER BANCORP, INC.",2024,41067,28,5,13,0,False,0,1335.0
,868671,GBCI,"GLACIER BANCORP, INC.",2025,45304,29,5,13,0,False,0,1348
,875357,BOKF,BOK FINANCIAL CORP,2021,31387,20,5,27,0,False,0,1025.0
,875357,BOKF,BOK FINANCIAL CORP,2022,34616,21,5,27,0,False,0,908
,875357,BOKF,BOK FINANCIAL CORP,2023,38576,24,6,28,0,False,0,1146.0
,875357,BOKF,BOK FINANCIAL CORP,2024,39775,24,6,28,0,False,0,1189.0
,875357,BOKF,BOK FINANCIAL CORP,2025,40073,25,6,28,0,False,0,1215
,883948,AUB,Atlantic Union Bankshares Corp,2021,88270,56,8,110,4,True,0,1249.0
,883948,AUB,Atlantic Union Bankshares Corp,2022,103084,56,7,84,0,False,0,1472.5
,883948,AUB,Atlantic Union Bankshares Corp,2023,111981,60,6,92,0,False,0,1550.5
,883948,AUB,Atlantic Union Bankshares Corp,2024,136713,67,8,139,0,False,0,1590
,883948,AUB,Atlantic Union Bankshares Corp,2025,111339,56,6,84,0,False,0,1567.0
,887343,COLB,"COLUMBIA BANKING SYSTEM, INC.",2021,69129,41,7,31,0,False,0,1445
,887343,COLB,"COLUMBIA BANKING SYSTEM, INC.",2022,67367,39,7,29,0,False,0,1470
,887343,COLB,"COLUMBIA BANKING SYSTEM, INC.",2023,57560,33,7,28,0,False,0,1599
,887343,COLB,"COLUMBIA BANKING SYSTEM, INC.",2024,53024,32,8,16,0,False,0,1471.0
,887343,COLB,"COLUMBIA BANKING SYSTEM, INC.",2025,55956,32,7,28,0,False,0,1507.0
,90498,SFNC,SIMMONS FIRST NATIONAL CORP,2021,62092,38,7,31,0,False,0,1136.5
,90498,SFNC,SIMMONS FIRST NATIONAL CORP,2022,64894,44,8,32,0,False,0,1098.0
,90498,SFNC,SIMMONS FIRST NATIONAL CORP,2023,63334,44,7,31,0,False,0,1100.5
,90498,SFNC,SIMMONS FIRST NATIONAL CORP,2024,67947,47,7,32,0,False,0,1127
,90498,SFNC,SIMMONS FIRST NATIONAL CORP,2025,74968,49,7,33,0,False,0,1227
"Rename was cosmetic, but Flagstar Bank assumed nearly all of failed Signature Bank's deposits in March 2023 -- $38.4B in assets. FY2021 and FY2025 describe materially different balance sheets.",910073,FLG,"FLAGSTAR BANK, NATIONAL ASSOCIATION",2021,68560,40,10,23,0,False,0,1464.5
"Rename was cosmetic, but Flagstar Bank assumed nearly all of failed Signature Bank's deposits in March 2023 -- $38.4B in assets. FY2021 and FY2025 describe materially different balance sheets.",910073,FLG,"FLAGSTAR BANK, NATIONAL ASSOCIATION",2022,78477,41,9,14,0,False,0,1512
"Rename was cosmetic, but Flagstar Bank assumed nearly all of failed Signature Bank's deposits in March 2023 -- $38.4B in assets. FY2021 and FY2025 describe materially different balance sheets.",910073,FLG,"FLAGSTAR BANK, NATIONAL ASSOCIATION",2023,100192,47,8,67,20,True,0,1635
"Rename was cosmetic, but Flagstar Bank assumed nearly all of failed Signature Bank's deposits in March 2023 -- $38.4B in assets. FY2021 and FY2025 describe materially different balance sheets.",910073,FLG,"FLAGSTAR BANK, NATIONAL ASSOCIATION",2024,85380,42,10,19,0,False,0,1634.0
"Rename was cosmetic, but Flagstar Bank assumed nearly all of failed Signature Bank's deposits in March 2023 -- $38.4B in assets. FY2021 and FY2025 describe materially different balance sheets.",910073,FLG,"FLAGSTAR BANK, NATIONAL ASSOCIATION",2025,83761,43,9,30,0,False,0,1617
,91576,KEY,KEYCORP /NEW/,2021,63636,36,9,29,0,False,0,1461.5
,91576,KEY,KEYCORP /NEW/,2022,70150,34,9,30,0,False,0,1664.0
,91576,KEY,KEYCORP /NEW/,2023,85313,35,9,73,20,True,0,1897
,91576,KEY,KEYCORP /NEW/,2024,93841,37,9,100,25,True,0,1879
,91576,KEY,KEYCORP /NEW/,2025,95938,42,9,81,24,True,0,1921.5
"Acquired Luther Burbank Corporation early 2024, extending the footprint to nine western states.",936528,WAFD,WAFD INC,2021,65332,30,5,46,0,False,0,1726.5
"Acquired Luther Burbank Corporation early 2024, extending the footprint to nine western states.",936528,WAFD,WAFD INC,2022,75553,37,5,42,0,False,0,1684
"Acquired Luther Burbank Corporation early 2024, extending the footprint to nine western states.",936528,WAFD,WAFD INC,2023,76593,38,5,54,0,False,0,1580.5
"Acquired Luther Burbank Corporation early 2024, extending the footprint to nine western states.",936528,WAFD,WAFD INC,2024,79543,39,5,38,0,False,0,1807
"Acquired Luther Burbank Corporation early 2024, extending the footprint to nine western states.",936528,WAFD,WAFD INC,2025,78195,38,5,37,0,False,0,1806.5
