same_risk,notes,ticker,prev_fy,curr_fy,prev_heading,curr_heading,prev_body_start,curr_body_start,similarity,kind,curr_id,prev_id
,,FITB,2022,2023,The replacement of LIBOR could adversely affect Fifth Third’s revenue or expenses and the value of those assets or obligations.,Recent bank failures have created significant market volatility and regulatory uncertainty which could have a material adverse effect on Fifth Third’s business and financial condition.,"London Interbank Offered Rate (“LIBOR”) and certain other “benchmarks” are the subject of recent national, international and other regulatory guidance and proposals for reform. These reforms may cause such benchmarks to perform differently than in th","In response to bank failures in the first half of 2023, the United States government, particularly the U.S. Treasury, FRB, OCC, FDIC and/or U.S. Congress, is expected to adopt a variety of measures and new regulations designed to strengthen capital a",0.0772,rejected,35527_FY2023_044,35527_FY2022_026
,,AUB,2021,2022,"The Bank’s loan portfolio contains construction and development loans, and a decline in real estate values or economic conditions could adversely affect the value of the collateral securing the loans and have an adverse effect on the Bank’s financial condition.","Our loan portfolio contains construction and development loans, which may expose us to additional credit risks, and may adversely affect our results of operations and financial condition.",Construction and development loans are generally viewed as having more risk than residential real estate loans because repayment is often dependent on completion of the project and the subsequent financing of the completed project as a commercial rea,Construction and development loans are generally viewed as having more risk than residential real estate loans. Risk of loss on a construction and development loan depends largely upon whether our initial estimate of the property’s value at completio,0.3949,accepted,883948_FY2022_003,883948_FY2021_011
,,BKU,2022,2023,We may not be successful in executing our fundamental business strategy.,We may not realize the expected benefits of our business strategy.,"Optimizing risk adjusted returns, continued organic, diversified growth of our loan and deposit customer base, and improving the deposit mix are essential components of our business strategy. Commercial and consumer banking, for both loan and deposit","Our fundamental business strategy is centered on building a leading regional commercial and small business bank, focused on relationship-based granular and diversified business on both sides of the balance sheet. Our near-term strategic priorities in",0.2636,accepted,1504008_FY2023_000,1504008_FY2022_000
,,BKU,2022,2023,Failure by us or third parties to detect or prevent a breach in information security or to protect customer information and privacy could have an adverse effect on our business.,"A cybersecurity incident, which is any unauthorized occurrence, or series of related unauthorized occurrences, on or conducted through our information systems, including those of third-party service providers that we rely on, that jeopardizes the confidentiality, integrity or availability of those information systems or information residing therein.","In the normal course of our business, we collect, process, and retain sensitive and confidential client and customer information. Despite the security measures we have in place, our facilities and systems may be vulnerable to cyber-attacks, security ","In the normal course of business, we collect, process, and retain sensitive and confidential client and customer information. Despite the security measures we and our third party service providers have in place, information systems may be vulnerable ",0.2706,accepted,1504008_FY2023_026,1504008_FY2022_023
,,INDB,2024,2025,Changes in debt and equity markets or economic downturns could affect the level of assets under administration and the demand for other fee-based services.,Negative developments in the banking industry could adversely affect the Company’s financial conditions and results of operations.,Economic downturns could affect the volume of income earned from and demand for fee-based services. Revenues from the investment management business depend in large part on the level of assets under administration. Market volatility that results in c,"Certain events impacting the financial services industry, including the bank failures of 2023, have in the past had, and may in the future have, an adverse impact on the market price and volatility of the Company’s common stock. Moreover, these event",0.2291,rejected,776901_FY2025_004,776901_FY2024_021
,,EWBC,2021,2022,"Risks arising from climate change, including physical risks and transition risks, could have a material adverse impact on our business and results of operations.","The effects of climate change could adversely impact our operations, business and customers",Climate change could present financial risks to us through changes in the physical climate that affect our operations directly or that impact our customers or collateral. Climate change also could present financial risks to us as a result of transiti,"The risks of climate change can be divided into physical and transition risks. The physical risks of climate change include discrete weather events, changing climate patterns and other disruptions caused by climate change affecting the regions, count",0.2622,accepted,1069157_FY2022_004,1069157_FY2021_006
,,RF,2022,2023,We are at risk of a variety of systems failures or errors and cybersecurity incidents that could adversely affect customer experience and our business and financial performance.,We are at risk of a variety of systems failures or errors and cyber-attacks or other similar incidents that could adversely affect customer experience and our business and financial performance.,"Failure or errors in or breach of our systems or networks, or those of our third-party service providers (or providers to such third-party service providers), including as a result of cyber-attacks, information security breaches or other similar inci","Failure or errors in or breach of our systems or networks, or those of our third-party service providers (or providers to such third-party service providers), including as a result of cybersecurity or other similar incidents, could disrupt our busine",0.8548,accepted,1281761_FY2023_010,1281761_FY2022_009
,,,2024,2025,Risks Associated with Our Use of AI,"We use AI, which could expose us to liability or adversely affect our business.","We utilize, and are continuing to explore further uses of, AI in connection with our businesses, products and services. However, regulation of AI is evolving rapidly as legislators and regulators are increasingly focused on these emerging technologie","We utilize, and continue to explore additional uses of, AI in connection with our business, products and services, including AI designed to improve the customer experience and reduce operational risk. However, there are significant risks involved in ",0.1303,rejected,811830_FY2025_047,811830_FY2024_050
,,HBAN,2023,2024,"Our operational or security systems or infrastructure, or those of third parties, could fail or be breached, which could disrupt our business and adversely impact our operations, liquidity, and financial condition, as well as cause legal or reputational harm.","Our operational or security systems or infrastructure, or those of third parties, could fail or be breached, which could disrupt our business and adversely impact our operations, liquidity, and financial condition, as well as cause legal or reputational harm.","The potential for operational risk exposure exists throughout our business and, as a result of our interactions with, and reliance on, third parties, is not limited to our own internal operational functions. Our operational and security systems and i","The potential for operational risk exposure exists throughout our business and, as a result of our interactions with, and reliance on, third parties, is not limited to our own internal operational functions. Our operational and security systems and i",0.7995,accepted,49196_FY2024_013,49196_FY2023_012
,,VLY,2021,2022,"We anticipate that the COVID-19 pandemic will continue to adversely affect us and our customers, counterparties, employees, and third-party service providers. The full extent and duration of the adverse impacts on our business, financial position, results of operations, and prospects are currently unknown and could be significant.","We are subject to risks relating to environmental, social and governance (“ESG”) matters that could adversely affect our reputation, business, financial condition and results of operations, as well as the price of our common and preferred stock.","The spread of COVID-19 has created a global public-health crisis that has resulted in widespread volatility and deterioration in business, economic, and market conditions and household incomes, including in the states of New Jersey, New York, Florida","We are subject to a variety of risks, including reputational risk, associated with ESG matters. The public holds diverse and often conflicting views on these matters. We have multiple stakeholders, including our shareholders, clients, associates, fed",0.0548,rejected,714310_FY2022_016,714310_FY2021_009
,,BOH,2023,2024,Any reduction in defense spending by the federal government could adversely impact the economy in Hawaii and the Pacific Islands.,i could adversely impact the economy in Hawaiʻi and the West Pacific.,"The U.S. military has a major presence in Hawaii and the Pacific Islands. As a result, the U.S. military is an important aspect of the economies in which we operate. The funding of the U.S. military is subject to the overall U.S. Government budget an","The U.S. military has a major presence in Hawaiʻi and the West Pacific. As a result, the U.S. military is an important aspect of the economies in which we operate. The funding of the U.S. military is subject to the overall U.S. Government budget and ",0.4432,accepted,46195_FY2024_005,46195_FY2023_003
,,UCB,2024,2025,"Pandemics and outbreaks of communicable diseases, acts of terrorism and other adverse external events may lead to periods of significant volatility in financial and other markets, and could adversely affect our ability to conduct normal business and could harm our clients, businesses, financial condition and results of operations.","Pandemics and disease outbreaks, acts of terrorism and other adverse external events may lead to periods of significant volatility in financial and other markets, and could adversely affect our ability to conduct normal business and could harm our clients, businesses, financial condition and results of operations.",Widespread outbreaks of communicable diseases and acts of terrorism may cause significant disruption in the international and United States economies and financial markets and could have an adverse effect on our business and results of operations. Th,Widespread outbreaks of diseases and acts of terrorism may cause significant disruption in the international and United States.S. economies and financial markets and could have an adverse effect on our business and results of operations. The spread o,0.8844,accepted,857855_FY2025_044,857855_FY2024_042
,,FLG,2023,2024,"The success of the Signature transaction will depend on a number of uncertain factors, including our decisions regarding the fair value of the assets acquired and the bargain purchase gain recorded on the transaction, which could materially and adversely affect our financial condition, results of operations and future prospects.","We are subject to credit risk in connection with our lending activities, and our financial condition and results of operations may be negatively impacted by economic conditions and other factors that adversely affect our borrowers.",Our acquisition of certain assets of Signature Bank in March 2023 was an FDIC-assisted transaction and the expedited nature of the FDIC-assisted transaction did not allow bidders the time and access to information customarily associated with preparin,"Our financial condition and results of operations are affected by the ability of our borrowers to repay their loans, and in a timely manner. The risks of non-payment and late payments are assessed through our underwriting and loan review procedures b",0.0565,rejected,910073_FY2024_005,910073_FY2023_032
,,AUB,2021,2022,The Company relies on dividends from its subsidiaries for substantially all of its revenue.,"Our ability to pay dividends is limited, and we may be unable to pay dividends in the future.","The Company is a financial holding company and a bank holding company that conducts substantially all of its operations through the Bank and other subsidiaries. As a result, the Company relies on dividends from its subsidiaries, particularly the Bank","Our ability to pay dividends is limited by regulatory restrictions and the need to maintain sufficient consolidated capital. In addition, the Company is a financial holding company that conducts substantially all of its operations through the Bank an",0.1453,rejected,883948_FY2022_045,883948_FY2021_045
,,EWBC,2022,2023,The actions and soundness of other financial institutions could affect us.,"We may be impacted by the actions, soundness or creditworthiness of other financial institutions, which can cause disruption within the industry and increase expenses.","Financial services institutions are interrelated as a result of trading, clearing, counterparty, or other relationships. We execute transactions with various counterparties in the financial industry, including broker-dealers, commercial banks, and in","Financial services institutions are interrelated as a result of trading, clearing, counterparty, or other relationships. We execute transactions with various counterparties in the financial industry, including broker-dealers, commercial banks, and in",0.2921,accepted,1069157_FY2023_021,1069157_FY2022_022
,,BPOP,2021,2022,We are exposed to credit risk from mortgage loans that have been sold or are being serviced subject to recourse arrangements.,We are exposed to credit risk from mortgage loans that have been sold or are being serviced subject to recourse arrangements.,Popular is generally at risk for mortgage loan defaults from the time it funds a loan until the time the loan is sold or securitized into a mortgage-backed security We hav e furthermore retained throug h recours e arrangements par t of th e credi t r,"Popular is generally at risk for mortgage loan defaults from the time it funds a loan until the time the loan is sold or securitized into a mortgage backed security. However, we have retained part of the credit risk on sales of mortgage loans through",0.7539,accepted,763901_FY2022_006,763901_FY2021_004
,,AUB,2021,2022,Limited availability of financing or inability to raise capital could adversely impact the Company.,"Our business needs and future growth may require us to raise additional capital, but that capital may not be available or may be dilutive.","The amount, type, source, and cost of the Company’s funding directly impacts the ability to grow assets. In addition, the Company could need to raise additional capital in the future to provide it with sufficient capital resources and liquidity to me",We are required by federal and state regulatory authorities to maintain adequate levels of capital to support our operations. We may need to raise additional capital in the future to have sufficient capital resources and liquidity to meet our commitm,0.1411,rejected,883948_FY2022_034,883948_FY2021_036
,,WAFD,2022,2023,"Climate change could adversely affect our business, affect client activity levels and damage our reputation.","Climate change could adversely affect our business, affect client activity levels and damage our reputation.",Concerns over the long-term impacts of climate change have led and will continue to lead to governmental efforts around the world to mitigate those impacts. Consumers and businesses are also changing their behavior and business preferences as a resul,Concerns over the long-term impacts of climate change have led and will continue to lead to governmental efforts around the world to mitigate those impacts. Consumers and businesses are also changing their behavior and business preferences as a resul,0.9958,accepted,936528_FY2023_012,936528_FY2022_012
,,EBC,2022,2023,Our return on equity may be relatively low for the foreseeable future compared to our publicly traded peer companies. This could negatively affect the trading price of our shares of common stock.,The market price of the Company’s common stock after the prospective merger with Cambridge may be affected by factors different from those currently affecting shares of Company common stock.,"Net income divided by average shareholders’ equity, known as “return on equity,” is a ratio many investors use to compare the performance of financial institutions. Our return on equity may be relatively low compared to our publicly traded peers unti","Subject to the receipt of regulatory and shareholder approvals, and the satisfaction of other closing conditions, upon the completion of the merger with Cambridge, the Company expects to incorporate Cambridge’s business into its own to create a combi",0.0745,rejected,1810546_FY2023_003,1810546_FY2022_056
,,FITB,2022,2023,Fifth Third may experience operational disruption from the effects of climate change.,Fifth Third may experience operational disruption from the effects of climate change.,"Fifth Third faces operational risk from the effects of climate change as an increase in severe weather may cause closures, damage to infrastructure, or damage to Fifth Third’s physical locations that may disrupt the physical operation of the Bancorp.","Fifth Third faces operational risk from the effects of climate change as an increase in severe weather may cause closures, damage to infrastructure, or damage to Fifth Third’s physical locations that may disrupt the physical operation of the Bancorp.",1.0,accepted,35527_FY2023_014,35527_FY2022_015
,,PFS,2021,2022,"The economic impact of the COVID-19 outbreak has adversely affected, and is likely to continue to adversely affect, the Company's business and results of operations.",The Company’s models used for business planning purposes could perform poorly or provide inadequate information.,"The COVID-19 pandemic caused significant economic dislocation which resulted in prolonged stress on economic activity and a related increase in unemployment. Certain industries were particularly hard-hit, including the travel and hospitality industry","We use quantitative models to assist in measuring risks and estimating or predicting certain financial values, among other uses. These models are used throughout many of our business lines, and we rely on them, along with our business judgment, for m",0.0521,rejected,1178970_FY2022_030,1178970_FY2021_010
,,SSB,2022,2023,Supervision and Regulation,Broker Dealer and Investment Adviser Regulation,We are extensively regulated under federal and state law. The following is a brief summary of certain aspects of that regulation that are material to us and does not purport to be a complete description of all regulations that affect us or all aspect,Our broker dealer subsidiary and investment adviser subsidiary are subject to regulation by the SEC. FINRA is the primary self-regulatory organization for our registered broker-dealer subsidiary. The broker dealer and investment adviser subsidiaries ,0.0674,rejected,764038_FY2023_000,764038_FY2022_021
,,FITB,2024,2025,Fifth Third has businesses other than banking that are subject to a variety of risks.,"Following completion of the Comerica Merger, Fifth Third may be subject to business uncertainties that could adversely affect Fifth Third’s business and operations.","Fifth Third is a diversified financial services company. As a result, the Bancorp is subject to additional risks and uncertainties. Other businesses that the Bancorp operates include investment banking, securities underwriting and market making, inve","As a result of the Comerica Merger, existing customers, suppliers and other business partners of Fifth Third and of Comerica could decide to no longer do business with Fifth Third, reducing its anticipated benefits. Employee attrition could delay or ",0.1013,rejected,35527_FY2025_043,35527_FY2024_036
,,KEY,2021,2022,The COVID-19 global pandemic has resulted in increased operational risks.,The increased use of remote work infrastructure has expanded potential attack vectors and resulted in increased operational risks.,"The COVID-19 pandemic has resulted in heightened operational risks. Much of our workforce has been working remotely, and increased levels of remote access create additional cybersecurity risk and opportunities for cybercriminals to exploit vulnerabil","The increase in remote work has resulted in an expanded potential attack surface and heightened operational risks and may negatively impact our ability, and the ability of our third-party service providers (including their downstream service provider",0.3039,accepted,91576_FY2022_015,91576_FY2021_016
,,ZION,2024,2025,Differences between the National Bank Act and state law requirements regarding mergers could hinder our ability to execute acquisitions as efficiently and advantageously as bank holding companies or other financial institutions.,Differences between the requirements of the National Bank Act and applicable state laws governing mergers could hinder our ability to execute acquisitions as efficiently or advantageously as bank holding companies and other financial institutions.,"Unlike state corporate law, the National Bank Act requires shareholder approval of all mergers between a national bank and another national or state bank and does not allow for exceptions in the case of various “minor” mergers, such as a parent compa","Unlike state corporate law, the National Bank Act requires shareholder approval for all mergers involving a national bank and another national or state-chartered bank, without providing exceptions for certain “minor” transactions—such as mergers betw",0.5948,accepted,109380_FY2025_032,109380_FY2024_029
,,FULT,2021,2022,We may not be able to attract and retain skilled people.,Our ability to attract and retain qualified employees is critical to our success.,"Our success depends, in large part, on our ability to attract and retain skilled people. Competition for talented personnel in most activities we engage in can be intense, and we may not be able to hire sufficiently skilled people or to retain them. ",Our employees are our most important resource. Competition for qualified personnel is intense in many areas of the financial services industry and has increased significantly since the onset of the COVID-19 pandemic. We endeavor to attract talented a,0.2196,rejected,700564_FY2022_028,700564_FY2021_032
,,UCB,2024,2025,"Competition for talent is substantial and increasing. Moreover, revenue growth in some business lines increasingly depends upon top talent",Our inability to retain and attract experienced bankers could negatively affect our growth.,"In recent years, our cost of hiring and retaining top revenue-producing talent has increased, and that trend is likely to continue. We have assembled a management team which has substantial background and experience in banking and financial services ","Revenue growth in some of our lines of business depends upon top talent. In recent years, our cost of hiring and retaining top revenue-producing talent has increased, and that trend is likely to continue. Moreover, much of our organic loan growth in ",0.1692,rejected,857855_FY2025_014,857855_FY2024_012
,,ABCB,2023,2024,"Securities issued by us, including our Common Stock, are not FDIC insured.","Damage to our reputation could significantly harm our business, including our competitive position and business prospects.","Securities issued by us, including our Common Stock, are not savings or deposit accounts or other obligations of any bank and are not insured by the FDIC, the Deposit Insurance Fund or any other governmental agency or instrumentality, or any private ","We are dependent on our reputation within our market area, as a trusted and responsible financial services company, for all aspects of our business, with customers, employees, vendors, third-party service providers and others with whom we conduct bus",0.0592,rejected,351569_FY2024_033,351569_FY2023_025
,,INDB,2021,2022,"Our prior participation in the SBA PPP may expose the Company to additional litigation risk from its customers or other parties regarding the processing of loans for the PPP and risks that the SBA may not fund some or all PPP loan guaranties, which could have a significant adverse impact on the Company's business, financial position, results of operations, and prospects.","The Company is subject to laws regarding the privacy, information security and protection of personal information and any violation of these laws or an incident involving personal, confidential or proprietary information of individuals could damage the Company’s reputation and otherwise adversely affect the Company’s results of operations and financial condition.","The CARES Act included a loan program administered through the SBA referred to as the PPP. Under the PPP, including its expansion in 2021, small businesses, other entities and individuals could apply for loans from existing SBA lenders and other appr","The Company regularly collects, processes, transmits and stores confidential information regarding its customers and employees. In some cases, this confidential or proprietary information is collected, compiled, processed, transmitted or stored by th",0.0804,rejected,776901_FY2022_028,776901_FY2021_006
,,FITB,2024,2025,"Societal responses to climate change could adversely affect Fifth Third’s business and performance, including indirectly through impacts on Fifth Third’s customers.","Following completion of the Comerica Merger, Fifth Third may be subject to business uncertainties that could adversely affect Fifth Third’s business and operations.",Concerns over the long-term impacts of climate change have led and may continue to lead to governmental efforts around the world to mitigate those impacts. Consumers and businesses also may change their behavior on their own as a result of these conc,"As a result of the Comerica Merger, existing customers, suppliers and other business partners of Fifth Third and of Comerica could decide to no longer do business with Fifth Third, reducing its anticipated benefits. Employee attrition could delay or ",0.2354,rejected,35527_FY2025_043,35527_FY2024_043
,,,2022,2023,"We are subject to a variety of cybersecurity risks that, if realized, could disrupt our businesses, result in the disclosure or misuse of confidential or proprietary information, and may adversely impact our businesses and reputation.",Our operations are subject to risk of cyberattacks.,"Data quality and integrity are critical for decision making, enterprise risk management and operational processes, as well as for complying with applicable regulation. Our businesses are dependent on our ability to process a large number of complex t","The threat of cyberattacks poses significant risk to financial institutions, including us. Cyberattacks continue to evolve and vulnerabilities in technology systems continue to be exploited by cyber criminals at an increasing rate. Malicious actors, ",0.1382,rejected,83246_FY2023_023,83246_FY2022_026
,,BANC,2022,2023,There can be no assurance as to the level of dividends we may pay on our common stock.,There can be no assurance as to the level of dividends we may pay on our common stock and NVCE stock.,"Holders of our common stock are only entitled to receive such dividends as our board of directors declares out of funds legally available for such payments. Although we have historically declared cash dividends on our common stock, we are not require","Holders of our common stock and NVCE stock are only entitled to receive such dividends as our Board of Directors declares out of funds legally available for such payments. Although we have historically declared cash dividends on our common stock, we ",0.7208,accepted,1169770_FY2023_044,1169770_FY2022_040
,,ASB,2023,2024,Fee revenues from overdraft protection programs constitute a significant portion of our noninterest income and may be subject to increased supervisory scrutiny.,Fee revenues from overdraft protection programs constitute a significant portion of our noninterest income and have become subject to increased supervisory scrutiny.,"Revenues derived from transaction fees associated with overdraft protection programs offered to our customers represent a significant portion of our noninterest income. In 2023, the Corporation collected approximately $14 million in overdraft transac","Revenues derived from transaction fees associated with overdraft protection programs offered to our customers represent a significant portion of our noninterest income. In 2024, the Corporation collected approximately $16 million in overdraft transac",0.8639,accepted,7789_FY2024_052,7789_FY2023_051
,,FCNCA,2024,2025,"We encounter significant competition that may reduce our market share and profitability and our financial performance depends upon our ability to attract and retain customers for our products and services, which may be adversely impacted by weakened consumer or business confidence and by any inability on our part to predict and satisfy customers’ needs and demands.",We encounter significant competition that may reduce our market share and profitability and our financial performance depends upon our ability to attract and retain customers for our products and services.,"Our profitability depends on our ability to compete successfully. We operate in a highly competitive industry, and we expect competition to intensify. We compete with other banks and specialized financial services providers in our market areas for cu","We operate in a highly competitive industry, and we expect competition to continue to intensify. Refer to Item 1. Business—Competition for additional information. Our profitability depends on our ability to compete successfully with other banks, nonb",0.6403,accepted,798941_FY2025_009,798941_FY2024_006
,,CFG,2021,2022,We may be adversely affected by unpredictable catastrophic events or terrorist attacks and our business continuity and disaster recovery plans may not adequately protect us from serious disaster.,"Unpredictable catastrophic events, including pandemics, terrorist attacks, extreme weather events and other large-scale catastrophes, could have an adverse effect on our business, financial position and results of operations.","The occurrence of catastrophic events such as hurricanes, tropical storms, tornadoes and other large-scale catastrophes and terrorist attacks could adversely affect our business, financial condition or results of operations if a catastrophe rendered ","The occurrence of catastrophic events, including pandemics, such as COVID-19, terrorists attacks, extreme weather events, such as hurricanes, tropical storms, or tornadoes, and other large-scale catastrophes could adversely affect our business, finan",0.2729,accepted,759944_FY2022_020,759944_FY2021_020
,,ONB,2021,2022,"Old National’s business, financial condition, liquidity, capital, and results of operations have been, and may continue to be, adversely affected by the COVID-19 pandemic","Pandemics, acts of war or terrorism and other adverse external events could significantly affect Old National’s business.","The COVID-19 pandemic has created economic and financial disruptions that have adversely affected, and are likely to continue to adversely affect, the Company’s business, financial condition, liquidity, loans, asset quality, capital, and results of o","Pandemics, including the COVID-19 pandemic, acts of war, military conflicts, including Russia’s invasion of Ukraine, or terrorism and other adverse external events, including severe weather and other natural disasters, could have a significant impact",0.2143,rejected,707179_FY2022_031,707179_FY2021_011
,,SSB,2021,2022,"Our ability to maintain our reputation is critical to the success of our business, and the failure to do so may materially adversely affect our performance.","Our ability to maintain our reputation is critical to the success of our business, and the failure to do so may materially adversely affect our performance.","Our reputation is one of the most valuable components of our business. As such, we strive to conduct our business in a manner that enhances our reputation. This is done, in part, by recruiting, hiring, and retaining and providing growth opportunities","Our reputation is one of the most valuable components of our business. As such, we strive to conduct our business in a manner that enhances our reputation. This is done, in part, by recruiting, hiring, and retaining and providing growth opportunities",0.9716,accepted,764038_FY2022_076,764038_FY2021_076
,,INDB,2024,2025,A significant amount of the Company’s loans are concentrated in the Bank’s geographic footprint and adverse conditions in this geographic footprint could negatively impact its results of operations.,"Changes in global, national or local economic conditions, including those in the states of Massachusetts and New Hampshire, may pose significant challenges for the Company and could adversely affect its financial condition and results of operations.","Substantially all of the loans the Company originates are secured by properties located in, or are made to businesses that operate in, Massachusetts and the broader New England area. Because of the current concentration of the Company’s loan originat","The Company’s business is impacted by factors outside of its control as economic growth may slow down and the global, national or local economies may experience downturns, including recessionary periods. Market disruption, including potential disrupt",0.2084,rejected,776901_FY2025_000,776901_FY2024_003
,,AUB,2023,2024,"Regulatory approvals for our proposed merger with American National may not be received, may take longer than expected or may impose conditions that are not presently anticipated, cannot be met, or that could have an adverse effect on the combined company following the merger","We and Sandy Spring have, and the combined company following the merger will, incur significant transaction and merger-related costs in connection with the transactions contemplated by the merger agreement.","Before the merger with American National and the related bank merger may be completed, various approvals, consents and non-objections must be obtained from bank regulatory authorities, including the Federal Reserve. In determining whether to grant th","We and Sandy Spring have incurred and expect to incur significant non-recurring costs associated with combining the operations of Sandy Spring with our operations. These costs include legal, financial advisory, accounting, consulting and other adviso",0.1617,rejected,883948_FY2024_002,883948_FY2023_022
,,COLB,2022,2023,Conditions in the financial markets may limit access to additional funding to meet liquidity needs.,The Company could lose access to sources of liquidity if it were to experience financial or regulatory issues.,"We may need or want to raise additional capital in the future to provide us with sufficient capital resources and liquidity to meet our commitments and business needs, particularly if our asset quality or earnings were to deteriorate significantly. O","The Company relies on sources of liquidity provided by the Federal Reserve Bank, such as the Federal Reserve Bank discount window and other liquidity facilities that the Federal Reserve Board may establish from time to time, as well as liquidity prov",0.085,rejected,887343_FY2023_021,887343_FY2022_029
,,FULT,2021,2022,"The COVID-19 pandemic has adversely affected, and will likely continue to adversely affect, our business, results of operations and financial condition for an indefinite period.","The continuing COVID-19 pandemic could adversely affect our business and our customers, counterparties, employees, and third-party service providers.","The COVID-19 pandemic has caused substantial disruptions in economic and social activity, both globally and in the United States. The spread of COVID-19, and related governmental actions to respond to the pandemic have caused severe disruptions in th","The spread of COVID-19 created a global public health crisis that has impacted household, business, economic, and market conditions, including in Pennsylvania and the eastern United States where we conduct most of our business. While economic activit",0.127,rejected,700564_FY2022_001,700564_FY2021_001
,,VLY,2022,2023,"Cyber attacks could compromise our information or result in the data of our customers being improperly divulged or our systems being disrupted, which could expose us to liability, losses and escalating operating costs.","Cybersecurity incidents and other disruptions to our information system could expose us to liability, losses and escalating operating costs.","Valley regularly collects, processes, transmits and stores confidential information regarding its customers, employees and others for whom it services loans. In some cases, this confidential or proprietary information is collected, compiled, processe","Valley regularly collects, transmits, stores and otherwise processes personal, confidential, proprietary or sensitive information regarding its customers, employees and others for whom it services loans. In some cases, this personal, confidential, pr",0.4531,accepted,714310_FY2023_028,714310_FY2022_030
,,ABCB,2023,2024,We are subject to liquidity risk.,"If we lose or are unable to grow and retain our deposits, we may be subject to liquidity risk and higher funding costs.",We require liquidity to meet our deposit and debt obligations as they come due. Our access to funding sources in amounts adequate to finance our activities or on terms that are acceptable to us could be impaired by factors that affect us specifically,We require liquidity to meet our deposit and debt obligations as they come due. Our access to funding sources in amounts adequate to finance our activities or on terms that are acceptable to us could be impaired by factors that affect us specifically,0.5218,accepted,351569_FY2024_006,351569_FY2023_005
,,HWC,2023,2024,Changes in the policies of monetary authorities and other government action could adversely affect our profitability.,Changes in the policies of monetary authorities and other government action could adversely affect our profitability.,"Interest rates and our financial performance are affected by credit policies of monetary authorities, particularly the Federal Reserve. The instruments of monetary policy employed by the Federal Reserve include open market transactions in U.S. govern","Interest rates and our financial performance are affected by credit policies of monetary authorities, particularly the Federal Reserve. The instruments of monetary policy employed by the Federal Reserve include open market transactions in U.S. govern",0.9796,accepted,750577_FY2024_004,750577_FY2023_004
,,CFG,2024,2025,"Any deterioration in national economic conditions could have a material adverse effect on our business, financial condition and results of operations.","Any deterioration in national economic and political conditions could have a material adverse effect on our business, financial condition, and results of operations.","Our business is affected by national economic conditions, as well as perceptions of those conditions and future economic prospects. Changes in such economic conditions are not predictable and cannot be controlled. Adverse economic conditions, such as","Our business is affected by national economic and political conditions, as well as perceptions of those conditions and future economic prospects, with changes in such conditions neither predictable or controllable. Adverse economic and political cond",0.733,accepted,759944_FY2025_020,759944_FY2024_020
,,PB,2021,2022,"Climate change manifesting as physical or transitions risks could adversely affect the Company’s operations, business, and customers.",Climate change could have a material negative impact the Company and its customers,Concerns over the long-term impacts of climate change have led and will continue to lead to governmental efforts around the world to mitigate those impacts. Consumers and businesses also may change their behavior on their own as a result of these con,"The Company’s business, as well as the operations and activities of its customers, could be negatively impacted by climate change. Climate change presents both immediate and long-term risks to the Company and its customers and these risks are expecte",0.155,rejected,1068851_FY2022_032,1068851_FY2021_035
,,FCNCA,2024,2025,"We are subject to ESG risks such as climate risk, hiring practices, diversity, racial and social justice issues, including in relation to our counterparties, which may adversely affect our reputation and ability to retain employees and customers.","We are subject to ESG risks, which may adversely affect our reputation and ability to retain employees and customers, and failure to comply with applicable regulations could have an adverse affect on our business, financial condition or results of operations.","We are subject to a variety of risks arising from ESG matters. ESG matters include, but are not limited to, climate risk, hiring practices, the diversity of our work force, and racial and social justice issues involving our personnel, customers and t","We are subject to a variety of risks arising from ESG matters. ESG matters include, but are not limited to, climate risk, hiring practices, the diversity of our work force, and racial and social justice issues involving our personnel, customers and t",0.4285,accepted,798941_FY2025_048,798941_FY2024_044
,,,2022,2023,Our data management and policies and processes may not be sufficiently robust.,"Our operations are subject to risk relating to data, including consumer privacy rights.","Key business processes across the HSBC Group rely on large volumes of data sourced from a complex data environment. Data governance relies on a clear understanding of our environment to appropriately manage. If data governance, including data integri","Our operations depend on our ability to collect, maintain, and process a significant amount of data in a complex data environment. Data availability, quality and integrity are critical for our decision making, enterprise risk management and operation",0.1315,rejected,83246_FY2023_024,83246_FY2022_030
,,VLY,2022,2023,Valley has incurred and is expected to incur significant costs related to the merger and integration.,Valley has incurred and could continue to incur significant costs related to its systems integration and technology roadmap.,"Valley has incurred certain non-recurring costs associated with the initial merger, including legal, financial advisory, accounting, consulting and other advisory fees, severance/employee benefit-related costs and other related costs. Valley has also","In October 2023, Valley executed and completed its core conversion in connection with the acquisition of Bank Leumi USA. Valley has incurred and could continue to incur substantial costs in connection with the integration of Valley and Bank Leumi USA",0.5144,accepted,714310_FY2023_003,714310_FY2022_002
,,BOKF,2022,2023,Market disruptions could impact BOK Financial's funding sources.,Market disruptions could impact BOK Financial's funding sources.,"BOK Financial's subsidiary bank may rely on other financial institutions and the Federal Home Loan Bank of Topeka as a significant source of funds. Our ability to fund loans, manage our interest rate risk and meet other obligations depends on funds b","BOK Financial's subsidiary bank may rely on other financial institutions and the Federal Home Loan Bank of Topeka as a significant source of funds. Our ability to fund loans, manage our interest rate risk and meet other obligations depends on funds b",0.8473,accepted,875357_FY2023_010,875357_FY2022_012
,,BANC,2022,2023,Contents,"Our financial condition and results of operations are dependent on the national and local economy, particularly in the Bank’s market areas. A worsening in economic conditions in the market areas we serve may impact our earnings adversely and could increase the credit risk of our loan portfolio.","We cannot accurately predict the possibility of the national or local economy’s return to recessionary conditions or to a period of economic weakness, which would adversely impact the markets we serve. Our primary market area is concentrated in the g","We cannot accurately predict the possibility of the national or local economy’s return to recessionary conditions or to a period of economic weakness, which would adversely impact the markets we serve. Our primary market area is concentrated in the g",0.2468,rejected,1169770_FY2023_054,1169770_FY2022_049
,,WAFD,2024,2025,"Integrating Luther Burbank with the Company may prove more difficult, costly or time consuming than expected, and the anticipated benefits and cost savings of the Merger may not be realized.","Changes in our business operations and divestitures of lines of business may not be successful, resulting in a negative impact on our operating results and financial condition.","On March 1, 2024, the Company closed the Merger with Luther Burbank. The Merger involves the integration of two companies that have previously operated independently and with different business models. The ultimate success of the Merger will depend, ","Our ability to compete depends on various factors, including our ability to develop and successfully execute strategic plans and initiatives. However, we may not achieve some or all of our strategic objectives. Expected cost savings and revenue growt",0.051,rejected,936528_FY2025_002,936528_FY2024_003
,,FLG,2022,2023,"Dividends on the Series A Preferred Stock are discretionary and noncumulative, and may not be paid if such payment will result in our failure to comply with all applicable laws and regulations.","Dividends on our Series A Preferred Stock, Series B Preferred Stock and Series C Preferred Stock are discretionary and noncumulative, and may not be paid if such payment will result in our failure to comply with all applicable laws and regulations.",Dividends on the Series A Preferred Stock are discretionary and noncumulative. If our Board of Directors (or any duly authorized committee of the Board) does not authorize and declare a dividend on the Series A Preferred Stock for any dividend period,"Dividends on our Series A Preferred Stock, Series B Preferred Stock and Series C Preferred Stock are discretionary and noncumulative. If our Board of Directors (or any duly authorized committee of the Board) does not authorize and declare a dividend ",0.8424,accepted,910073_FY2023_012,910073_FY2022_010
,,WAFD,2024,2025,"There may be future sales or other dilution of the Company's equity, which may adversely affect the market price of our Common Stock or depositary shares.",Common Stock or depositary shares.,"Our Board of Directors is authorized to cause the Company to issue one or more classes or series of preferred stock junior to our Series A Preferred Stock from time to time without any action on the part of our shareholders, and our Board of Director","Our Board of Directors is authorized to cause the Company to issue one or more classes or series of preferred stock junior to our Series A Preferred Stock from time to time without any action on the part of our shareholders, and our Board of Director",0.6408,accepted,936528_FY2025_036,936528_FY2024_035
,,CUBI,2021,2022,Reviews performed by the Internal Revenue Service and state taxing authorities for the fiscal years that remain open for investigation may result in a change to income taxes recorded in our consolidated financial statements and adversely affect our results of operations.,Reviews performed by the Internal Revenue Service and state taxing authorities for the fiscal years that remain open for investigation may result in a change to income taxes recorded in our consolidated financial statements and adversely affect our results of operations.,"We are subject to U.S. federal income tax as well as income tax of various states primarily in the mid-Atlantic region of the United States. Generally, Customers is no longer subject to examination by federal, state, and local taxing authorities for ","We are subject to U.S. federal income tax as well as income tax of various states primarily in the mid-Atlantic region of the United States. Generally, Customers is no longer subject to examination by federal, state, and local taxing authorities for ",0.873,accepted,1488813_FY2022_049,1488813_FY2021_049
,,SSB,2021,2022,"Privacy, Data Protection and Cyber Security",Data Privacy and Cybersecurity,"Various federal and state laws and regulations contain extensive data privacy and cybersecurity provisions, and the regulatory framework for data privacy and cybersecurity is in considerable flux and rapidly evolving. Current federal law requires fin","Various federal, state and local laws, rules, regulations and standards contain extensive data privacy and cybersecurity provisions, and the regulatory framework for data privacy and cybersecurity is in considerable flux and rapidly evolving. For exa",0.3609,accepted,764038_FY2022_035,764038_FY2021_034
,,ONB,2021,2022,Old National is subject to business uncertainties and contractual restrictions while the merger is pending.,"Old National is subject to laws and regulations relating to the privacy of the information of clients, employees or others, and any failure to comply with these laws and regulations could expose the Company to liability and/or reputational damage.","Uncertainty about the effect of the merger on employees and clients may have an adverse effect on Old National. These uncertainties may impair Old National’s ability to attract, retain and motivate key personnel until the merger is completed, and cou","Old National is subject to laws and regulations relating to the privacy of the information of clients, employees or others, and any failure to comply with these laws and regulations could expose the Company to liability and/or reputational damage. Ch",0.124,rejected,707179_FY2022_026,707179_FY2021_005
,,AUB,2021,2022,"The COVID-19 pandemic and resulting adverse economic conditions have already adversely impacted the Company’s business and results, and could have a more material adverse impact on its business, financial condition, and results of operations.","The COVID-19 pandemic could continue to affect our business, financial condition, and results of operations.","The ongoing COVID-19 global and national health emergency has caused significant disruption in the United States and international economies and financial markets, even as more businesses opened up in 2021 and there was significant improvement in eco","Since the onset of the COVID-19 pandemic, the negative economic conditions and disruptions arising from it have adversely impacted our financial results to varying degrees and in various respects, including as a result of periods of increased ACL. Th",0.2466,rejected,883948_FY2022_017,883948_FY2021_007
,,ONB,2024,2025,Failure to complete the Merger could negatively impact Old National.,The development and use of artificial intelligence presents risks and challenges that may adversely impact Old National’s business.,"If the Merger is not completed for any reason, there may be various adverse consequences, and Old National may experience negative reactions from the financial markets and from its clients and employees. For example, Old National’s business may have ","The use and development of artificial intelligence, including digital employees and digital engineers, by Old National and its third party vendors, clients, counterparties, and other market participants in certain business processes, models, includin",0.1814,rejected,707179_FY2025_029,707179_FY2024_005
,,FHB,2023,2024,A sustained period of high inflation could pose a risk to the economy and the financial performance of the Bank.,Inflationary pressure could pose a risk to the economy and the financial performance of the Bank.,"In recent periods, the increase in inflationary conditions accelerated due to, among other factors, global supply chain disruptions, changes in the labor market and geopolitical tensions. Higher commodity prices, labor shortages and supply chain disr","In recent periods, there have been significant changes in inflationary conditions due to, among other factors, global supply chain disruptions, changes in the labor market and geopolitical tensions. Higher commodity prices, labor shortages and supply",0.6734,accepted,36377_FY2024_001,36377_FY2023_001
,,ABCB,2021,2022,The transition away from the London Inter-Bank Offered Rate (LIBOR) will affect our adjustable rate loan and other agreements and may have a negative impact on our business operations.,"We may be adversely affected by the transition away from LIBOR for our variable rate loans, derivative contracts and other financial assets and liabilities.","The authorized administrator of LIBOR, the ICE Benchmark Administration Limited (“IBA”), on March 5, 2021 published a statement confirming its intention to, among other things, cease the publication of one-week and two-month USD LIBOR after December ","Our business relies upon a large volume of loans, derivative contracts and other financial instruments which are directly or indirectly dependent on LIBOR to establish their interest rate and/or value. The administrator of LIBOR extended publication ",0.176,rejected,351569_FY2022_016,351569_FY2021_017
,,UCB,2022,2023,"We are subject to interest rate risk because a significant portion of our business involves borrowing and lending money, and investing in financial instruments.","We are subject to interest rate risk because a significant portion of our business involves borrowing and lending money, and investing in financial instruments.","A considerable amount of our profitability is dependent on net interest income, which is the difference between interest income earned on loans, leases and investment securities and interest expense paid on deposits, other borrowings, senior debt and","A considerable amount of our profitability is dependent on net interest income, which is the difference between interest income earned on loans, leases and investment securities and interest expense paid on deposits, other borrowings, senior debt and",0.9955,accepted,857855_FY2023_029,857855_FY2022_027
,,SFNC,2024,2025,"Our business, financial condition, and results of operations could be adversely affected by developments impacting the financial services industry, such as recent bank failures or concerns involving liquidity.","Our business, financial condition, results of operations and liquidity could be adversely affected by developments impacting the financial services industry.","Prior events in the financial services industry, such as the 2023 closures of Silicon Valley Bank, Signature Bank and First Republic Bank, have caused general uncertainty and concern regarding the adequacy of liquidity of the financial services indus",Our financial performance and liquidity are highly dependent on conditions in the financial services industry. Our business strategies are largely based on access to funding from customer deposits and supplemental funding provided by wholesale or oth,0.6019,accepted,90498_FY2025_014,90498_FY2024_014
,,KEY,2024,2025,"We are subject to liquidity risk, which could negatively affect our funding levels.",Table of contents,"Liquidity risk refers to our ability to fund liability maturities and deposit withdrawals, meet contractual obligations, or fund asset growth and new business initiatives at a reasonable cost, in a timely manner and without adverse consequences. Our ","Liquidity risk is the danger that a bank may not be able to meet near-term cash demands, such as funding liability maturities and deposit withdrawals, meeting contractual obligations, or funding asset growth and new business initiatives at a reasonab",0.2611,accepted,91576_FY2025_012,91576_FY2024_009
,,ZION,2024,2025,We could be adversely affected by legal and governmental proceedings.,We may be adversely impacted by legal and governmental proceedings.,"We are subject to risks associated with legal claims, litigation, and regulatory and other government proceedings. Our exposure to these proceedings may increase as a result of stresses on customers, counterparties, and others arising from the past o","We are subject to risks arising from legal claims, litigation, and regulatory or governmental proceedings. Our exposure to such matters may increase due to a variety of factors, including economic pressures affecting customers and counterparties, a r",0.6321,accepted,109380_FY2025_030,109380_FY2024_027
,,FULT,2024,2025,We face a variety of risks in connection with completed and potential acquisitions.,We face a variety of risks in connection with completed and potential future acquisitions.,"We may from time to time seek to supplement organic growth through acquisitions of banks, branches or other financial businesses or assets. Potential acquisitions are typically subject to regulatory or other approvals, and there can be no assurance t","We may from time to time seek to supplement organic growth through acquisitions of banks, branches or other financial businesses or assets. Potential acquisitions, including the pending Merger, are typically subject to regulatory or other approvals, ",0.7468,accepted,700564_FY2025_025,700564_FY2024_020
,,AUB,2021,2022,Future issuances of the Company’s common stock or preferred stock could adversely affect the market price of the common stock and preferred stock and could be dilutive.,(or depositary shares representing a fractional interest in our preferred stock),"The Company is not restricted from issuing additional shares of common stock or preferred stock, including any securities that are convertible into or exchangeable for, or that represent the right to receive, shares of common stock or preferred stock","We are generally not restricted from issuing additional shares of our common stock or preferred stock up to the number of shares authorized in our articles of incorporation. We may issue additional shares of our common stock, preferred stock (or depo",0.1867,rejected,883948_FY2022_047,883948_FY2021_047
,,FCNCA,2024,2025,"New technologies, and our ability to efficiently and effectively implement, market and deliver new products and services to our customers present competitive risks.",Failure to adopt new technologies that match consumer preferences or to keep pace with or effectively implement technological changes could adversely affect our results of operations and financial condition.,The financial services industry is continually undergoing rapid technological change with frequent introduction of new technology-related products and services. The effective use of technology increases efficiency and enables financial institutions t,"The financial services industry is continually undergoing rapid technological change with frequent introduction of new technology-related products and services, including recent and rapid developments in AI and crypto-assets and related technologies.",0.2128,rejected,798941_FY2025_013,798941_FY2024_009
,,BOH,2023,2024,Credit losses could increase if economic conditions stagnate or deteriorate.,"Our allowance for credit losses may prove to be insufficient to absorb losses or appropriately reflect, at any given time, the inherent risk of loss in our loan portfolio.",Increased credit losses for the Bank could result if economic conditions stagnate or deteriorate. The risk of nonpayment on loans and leases is inherent in all lending activities. We maintain a reserve for credit losses to absorb estimated expected c,"Our non-performing assets were at $19.3 million, or 0.14%, of total loans and leases and foreclosed real estate at December 31, 2024. Our criticized loans were $296.2 million, or 2.10%, of total loans and leases at December 31, 2024. The risk of nonp",0.1559,rejected,46195_FY2024_007,46195_FY2023_005
,,AUB,2021,2022,The inability of the Company to successfully manage its growth or to implement its growth strategy may adversely affect the Company’s results of operations and financial conditions.,"Our business strategy includes continued growth, and our financial condition and results of operation could be negatively affected if we fail to grow or fail to manage our growth effectively.","The Company may not be able to successfully implement its growth strategy if it is unable to identify and compete for attractive markets, locations, or opportunities to expand in the future. In addition, the ability to manage growth successfully depe","We intend to continue pursuing a growth strategy for our business. Our ability to continue to grow successfully will depend on a variety of factors, including economic conditions in the markets in which we operate as well as in the U.S. and globally,",0.181,rejected,883948_FY2022_023,883948_FY2021_025
,,AUB,2021,2022,Common stock and preferred stock are equity and are subordinate to the Company’s existing and future indebtedness and effectively subordinated to all the indebtedness and other non- equity claims against the Bank and the Company’s other subsidiaries.,Holders of our indebtedness and of depositary shares related to our Series A preferred stock have rights that are senior to those of our common shareholders.,"Shares of the Company’s common stock and preferred stock are equity interests and do not constitute indebtedness. As such, shares of the common stock and depositary shares, which represent fractional interests in the Company’s Series A preferred stoc","At December 31, 2022, we had outstanding subordinated notes, trust preferred securities and accompanying subordinated debentures and preferred stock totaling $390.0 million. Payments of the principal and interest on the subordinated notes and the sub",0.134,rejected,883948_FY2022_048,883948_FY2021_048
,,FULT,2021,2022,"Changes in accounting policies, standards, and interpretations could materially affect how we report our financial condition and results of operations.","We are subject to capital adequacy standards, and a failure to meet these standards could adversely affect our financial condition.","The preparation of our financial statements in accordance with GAAP requires management to make estimates and assumptions that affect the reported amounts of assets and liabilities as of the date of the financial statements, as well as revenues and e","The Corporation and Fulton Bank are each subject to capital adequacy and liquidity rules and other regulatory requirements specifying minimum amounts and types of capital that must be maintained. From time to time, the regulators implement changes to",0.1272,rejected,700564_FY2022_012,700564_FY2021_022
,,UCB,2023,2024,"Legal disputes are an unavoidable part of business, and the outcome of pending or threatened litigation cannot be predicted with any certainty.","Legal disputes are an unavoidable part of business, and the outcome of pending or threatened litigation cannot be predicted with any certainty.","We face the risk of litigation from clients, associates, vendors, contractual parties, and other persons, either singly or in class actions, and from federal or state regulators. We manage those risks through internal controls, personnel training, in","We face the risk of litigation from clients, associates, vendors, contractual parties, and other persons, either singly or in class actions, and from federal or state regulators. We manage those risks through internal controls, personnel training, in",1.0,accepted,857855_FY2024_026,857855_FY2023_024
,,FCNCA,2024,2025,"Our ability to grow is contingent upon access to capital, which may not be readily available to us.","Our ability to grow is contingent upon access to capital, which may not be readily available to us as a result of credit rating reductions.",Our primary capital sources have been retained earnings and debt issued through both private and public markets. Rating agencies regularly evaluate our creditworthiness and assign credit ratings to us and FCB. The ratings of the agencies are based on,"Our ability to grow is contingent on our ability to generate or otherwise access sufficient capital, including to remain well capitalized under current and future capital adequacy guidelines. Our primary capital sources have been retained earnings an",0.8497,accepted,798941_FY2025_039,798941_FY2024_035
,,EWBC,2023,2024,"Further downgrades of the U.S. credit rating, potential automatic spending cuts or a government shutdown could negatively impact our business, results of operation and financial condition.","Further downgrades of the U.S. credit rating, potential automatic spending cuts or a government shutdown could negatively impact our business, results of operation and financial condition.","Over the past few years, U.S. debt ceiling and budget deficit concerns have increased the possibility of additional credit rating downgrades and economic slowdowns, or a recession in the U.S. Although U.S. lawmakers passed legislation to raise the fe","Over the past few years, U.S. debt ceiling and budget deficit concerns have increased the possibility of U.S. government shutdowns, automatic spending cuts, additional U.S. credit rating downgrades and economic slowdowns, or a recession in the U.S. A",0.8533,accepted,1069157_FY2024_007,1069157_FY2023_009
,,ASB,2024,2025,We rely heavily on communications and information systems to conduct our business. We have experienced cybersecurity attacks in the past and our communications and information systems may experience an interruption or breach in security from future attacks.,We rely heavily on communications and information systems and networks to conduct our business. Any failures or disruptions to our third parties’ communications and information systems and networks could materially and adversely affect our business.,"We have experienced cybersecurity attacks in the past. Any failure, interruption, or breach in security or operational integrity of our or our third-party vendors' communications and information systems, including those caused by a cybersecurity atta","Our business is dependent on our and third parties' information technology systems and networks. Any failure, interruption, or breach in security or operational integrity of our or our third-party service providers' communications and information sys",0.4924,accepted,7789_FY2025_020,7789_FY2024_020
,,FNB,2021,2022,"Our financial condition and results of operations may be adversely affected by changes in tax rules and regulations, or interpretations.","Our financial condition and results of operations may be adversely affected by changes in federal, state or local tax rules and regulations, or interpretations.",Our income tax expense has differed from the tax computed at the U.S. federal statutory income tax rate due primarily to discrete items. The current Presidential Administration's approach to corporate tax rates could affect our future results of oper,"We are subject to legislative tax rate changes that could increase our effective tax rates. Depending on enactment dates, these law changes may be retroactive to previous periods and as a result could negatively affect our current and future financia",0.7782,accepted,37808_FY2022_027,37808_FY2021_011
,,PB,2022,2023,There may be extreme fluctuations in the Company’s stock price.,There may be substantial fluctuations in the Company’s stock price.,"The trading price for the Company’s common stock may fluctuate significantly in response to a variety of factors outside the Company’s control, including, among other things: actual or anticipated variations in quarterly results of operations; recomm","The trading price for the Company’s common stock may fluctuate significantly in response to a variety of factors outside the Company’s control, including, among other things: actual or anticipated variations in quarterly results of operations; change",0.7061,accepted,1068851_FY2023_039,1068851_FY2022_041
,,ZION,2024,2025,"We utilize models in the management of the Bank. There is a risk that these models are inaccurate in various ways, potentially leading to suboptimal decisions.","We utilize models to support the Bank’s management and decision-making processes. Inaccurate assumptions or non-representative training data within these models could lead to unreliable outputs or suboptimal decisions, which could adversely affect our operations.","We rely on models in the management of the Bank. For example, we use models to inform our estimate of the allowance for credit losses, manage interest rate and liquidity risk, project stress losses in various segments of our loan and investment portf","We utilize various models in the management of the Bank, including those used to estimate the allowance for credit losses (“ACL”), manage interest rate and liquidity risk, project stress-related losses across segments of our loan and investment portf",0.2883,accepted,109380_FY2025_017,109380_FY2024_015
,,FNB,2024,2025,We have experienced increases in our FDIC insurance assessments due to the bank failures that occurred in 2023.,We have experienced and may experience future increases in our FDIC insurance assessments due to the bank failures that affect the FDIC's insurance fund.,"The losses incurred by the DIF in connection with the resolution of SIVB and SBNY are required by law to be recovered through one or more special assessments on depository institutions and, potentially, their holding companies if the FDIC determines ","The losses incurred by the DIF in connection with the resolution of large bank failures are required by law to be recovered through one or more special assessments on depository institutions and, potentially, their holding companies if the FDIC deter",0.5994,accepted,37808_FY2025_030,37808_FY2024_031
,,AUB,2021,2022,"The Company is subject to capital and liquidity requirements, which could adversely affect its return on equity and otherwise affect its business.","We are required to maintain capital to meet regulatory requirements, and if we fail to maintain sufficient capital, whether due to losses, an inability to raise capital or otherwise, our financial condition, liquidity, and results of operations, as well as our ability to maintain regulatory compliance, would be adversely affected.","The Company and the Bank are each subject to capital adequacy guidelines and other regulatory requirements specifying minimum amounts and types of capital which each must maintain. From time to time, regulators implement changes to these regulatory c","The Company and the Bank each must meet regulatory capital requirements and maintain sufficient liquidity. Banking organizations experiencing growth, especially those making acquisitions, are expected to hold additional capital above regulatory minim",0.1522,rejected,883948_FY2022_040,883948_FY2021_042
,,HBAN,2021,2022,"The COVID-19 pandemic is adversely affecting, and will likely continue to adversely affect, our business, financial condition, liquidity, and results of operations.","The effects of COVID-19 have adversely impacted our operations and financial performance, and it, or a similar health crisis or pandemic, could have similar adverse impacts in future periods.","Although U.S. and global economies have begun to recover from the COVID-19 pandemic as many health and safety restrictions have been lifted and vaccine distribution has increased, certain adverse consequences of the pandemic continue to impact the ma","Although U.S. and global economies have begun to recover from the COVID-19 pandemic as many health and safety restrictions have been lifted and vaccine distribution has increased, certain adverse consequences of the pandemic, including labor shortage",0.2158,rejected,49196_FY2022_025,49196_FY2021_002
,,PFS,2021,2022,Governmental and regulatory actions to mitigate the impact of the COVID-19 pandemic could result in a material decline in our earnings and pose additional risks.,"The COVID-19 pandemic could continue to pose risks to our business, our results of operation and the future prospects of the Company.","There have been several regulatory and legislative actions intended to help mitigate the adverse economic impact of COVID-19 on individuals and businesses, including mandates requiring financial institutions to work constructively with borrowers affe","The COVID-19 pandemic has adversely impacted the global and national economy and certain industries and geographies in which our clients operate. Given its dynamic nature, it is difficult to predict the full impact of the COVID-19 pandemic on the bus",0.1811,rejected,1178970_FY2022_023,1178970_FY2021_011
,,AUB,2021,2022,Risks Related to the Company’s Securities,Holders of our indebtedness and of depositary shares related to our Series A preferred stock have rights that are senior to those of our common shareholders.,The Company relies on dividends from its subsidiaries for substantially all of its revenue. An active trading market in the Company’s common stock may not be sustained. Future issuances of the Company’s common stock or preferred stock could adversely,"At December 31, 2022, we had outstanding subordinated notes, trust preferred securities and accompanying subordinated debentures and preferred stock totaling $390.0 million. Payments of the principal and interest on the subordinated notes and the sub",0.0848,rejected,883948_FY2022_048,883948_FY2021_005
,,HBAN,2023,2024,"Climate change manifesting as physical or transition risks could adversely affect our operations, businesses, and customers.","Climate change manifesting as physical or transition risks could adversely affect our operations, businesses, and customers.","There is an increasing concern over the risks of climate change and related environmental sustainability matters. The physical risks of climate change include discrete events, such as flooding and wildfires, and longer-term shifts in climate patterns","There is an increasing concern over the risks of climate change and related environmental sustainability matters. The physical risks of climate change include discrete events, such as flooding and wildfires, and longer-term shifts in climate patterns",1.0,accepted,49196_FY2024_024,49196_FY2023_023
,,FCNCA,2024,2025,"The financial system is highly interrelated, and financial or systemic shocks or the failure of even a single financial institution or other participant in the financial system could expose us to credit risk through potential counterparty default and adversely impact our financial condition and results of operations.","Consumers may increasingly decide not to use banks to complete their financial transactions, which could have a material adverse impact on our financial condition and operations.","The soundness and stability of many financial institutions may be closely interrelated as a result of credit, trading, clearing, counterparty and other relationships between the institutions. As a result, concerns about, or a default or threatened de","Technology and other changes are allowing parties to complete financial transactions that historically have involved banks through alternative methods without involving banks. For example, consumers can now maintain funds that would have historically",0.0513,rejected,798941_FY2025_010,798941_FY2024_025
,,AUB,2021,2022,"The Bank relies upon independent appraisals to determine the value of the real estate which secures a significant portion of its loans, and the values indicated by such appraisals may not be realizable if the Bank is forced to foreclose upon such loans.","We use independent appraisals and other valuation techniques in evaluating and monitoring loans secured by real estate and other real estate owned, which may not accurately describe the net value of the asset.",A significant portion of the Bank’s loan portfolio consists of loans secured by real estate. The Bank relies upon independent appraisers to estimate the value of such real estate. Appraisals are only estimates of value and the independent appraisers ,"A significant portion of our loan portfolio consists of loans secured by real estate. In considering whether to make a loan secured by real estate, we generally require an appraisal of the property. However, an appraisal is only an estimate of the va",0.2383,rejected,883948_FY2022_006,883948_FY2021_014
,,PFS,2021,2022,"The economic impact of the COVID-19 outbreak has adversely affected, and is likely to continue to adversely affect, the Company's business and results of operations.","The COVID-19 pandemic could continue to pose risks to our business, our results of operation and the future prospects of the Company.","The COVID-19 pandemic caused significant economic dislocation which resulted in prolonged stress on economic activity and a related increase in unemployment. Certain industries were particularly hard-hit, including the travel and hospitality industry","The COVID-19 pandemic has adversely impacted the global and national economy and certain industries and geographies in which our clients operate. Given its dynamic nature, it is difficult to predict the full impact of the COVID-19 pandemic on the bus",0.1784,rejected,1178970_FY2022_023,1178970_FY2021_010
,,AUB,2021,2022,"The Company is subject to additional regulation, increased supervision and increased costs compared to some financial institutions because the Company’s assets exceed $10 billion.",We are subject to extensive regulation that could limit or restrict our activities.,"Various federal banking laws and regulations, including rules adopted by the Federal Reserve pursuant to the requirements of the Dodd-Frank Act impose additional regulatory requirements on institutions with $10 billion or more in assets. As of Decemb","We operate in a highly regulated industry and are subject to examination, supervision, and comprehensive regulation by various federal and state agencies, including the Federal Reserve, the CFPB, the FDIC, and the Virginia SCC. In addition, because w",0.0946,rejected,883948_FY2022_038,883948_FY2021_039
,,AUB,2023,2024,"Regulatory approvals for our proposed merger with American National may not be received, may take longer than expected or may impose conditions that are not presently anticipated, cannot be met, or that could have an adverse effect on the combined company following the merger",Sandy Spring will be subject to business uncertainties and contractual restrictions while the merger is pending.,"Before the merger with American National and the related bank merger may be completed, various approvals, consents and non-objections must be obtained from bank regulatory authorities, including the Federal Reserve. In determining whether to grant th","Uncertainty about the effect of the merger on employees, customers (including depositors and borrowers), suppliers and vendors may have an adverse effect on us and Sandy Spring. These uncertainties may impair our and Sandy Spring’s ability to attract",0.0565,rejected,883948_FY2024_008,883948_FY2023_022
,,ZION,2024,2025,Failure to effectively manage our interest rate risk could adversely affect our results.,Failure to adequately manage interest rate risk could have a material adverse impact on our financial results.,"Net interest income is the largest component of our revenue. Factors beyond our control can significantly influence the interest rate environment and increase our risk. These factors include changes in the prevailing interest rate environment, compet","Net interest income represents the largest component of our total revenue, and its performance is subject to a variety of external factors that can significantly influence the interest rate environment. These factors include changes in prevailing mar",0.4215,accepted,109380_FY2025_005,109380_FY2024_005
,,ONB,2021,2022,Changes in interest rates could adversely affect Old National’s results of operations and financial condition.,"Changes in interest rates could adversely affect Old National’s results of operations and financial condition. The monetary, tax and other policies of governmental agencies, including the Federal Reserve, have a significant impact on interest rates and overall financial market performance over which the Company has no control and which the Company may not be able to anticipate adequately.","Old National’s earnings depend substantially on Old National’s interest rate spread, which is the difference between (i) the rates Old National earns on loans, securities, and other earning assets and (ii) the interest rates Old National pays on depo","The Federal Reserve raised benchmark interest rates throughout 2022 and may continue to raise interest rates in response to economic conditions, particularly inflationary pressures. Old National’s earnings depend substantially on Old National’s inter",0.4875,accepted,707179_FY2022_018,707179_FY2021_025
,,FULT,2021,2022,"Changes in accounting policies, standards, and interpretations could materially affect how we report our financial condition and results of operations.","Our consolidated financial statements are based in part on assumptions and estimates which, if incorrect, could cause unexpected losses in the future.","The preparation of our financial statements in accordance with GAAP requires management to make estimates and assumptions that affect the reported amounts of assets and liabilities as of the date of the financial statements, as well as revenues and e","We have made a number of estimates and assumptions relating to the reporting of assets and liabilities, the disclosure of contingent assets and liabilities at the date of the consolidated financial statements, and the reported amounts of revenue and ",0.0635,rejected,700564_FY2022_018,700564_FY2021_022
,,ONB,2021,2022,"Old National’s business, financial condition, liquidity, capital, and results of operations have been, and may continue to be, adversely affected by the COVID-19 pandemic",Old National’s reported financial condition and results of operations depend on management’s selection of accounting methods and require management to make estimates about matters that are uncertain.,"The COVID-19 pandemic has created economic and financial disruptions that have adversely affected, and are likely to continue to adversely affect, the Company’s business, financial condition, liquidity, loans, asset quality, capital, and results of o",Accounting policies and processes are fundamental to the Company’s reported financial condition and results of operations. Some of these policies require use of estimates and assumptions that may affect the reported amounts of assets or liabilities a,0.1319,rejected,707179_FY2022_033,707179_FY2021_011
,,FNB,2022,2023,"Hurricanes, tornadoes, excessive rainfall, droughts or other adverse weather events could negatively affect the local economies in the markets of our footprint, or disrupt our operations in those markets, which could have an adverse effect on our business or results of operations.","Hurricanes, tornadoes, excessive rainfall, droughts or other adverse weather events, and public health emergencies could negatively affect the local economies in the markets of our footprint, or disrupt our operations in those markets, which could have an adverse effect on our business or results of operations.","The economy of the markets in our footprint is affected, from time to time, by adverse weather events. We cannot predict whether, or to what extent, damage caused by future weather conditions will affect our operations, customers or the economies in ","The economy of the markets in our footprint is affected, from time to time, by adverse weather events and other disruptions, including as a result of public health issues. We cannot predict whether, or to what extent, damage caused by future weather ",0.9202,accepted,37808_FY2023_023,37808_FY2022_024
,,PFS,2022,2023,We are subject to liquidity risk.,Our funding sources may prove insufficient or costly to support our future growth. A lack of liquidity could adversely affect our financial condition and results of operations and result in regulatory limits being placed on the Company.,"Liquidity risk is the potential that we will be unable to meet our obligations as they become due, capitalize on growth opportunities as they arise because of an inability to liquidate assets or obtain adequate funding on a timely basis at a reasonab","We must maintain sufficient funds to respond to the needs of depositors and borrowers. Deposits have traditionally been our primary source of funding for our lending and investment activities. We also receive funds from loan repayments, investment ma",0.0577,rejected,1178970_FY2023_024,1178970_FY2022_028
