category,materialised,specificity,entities,split_ok,notes,risk_id,ticker,fiscal_year,risk_index,filer_category,heading,body,chars,cik,source_url,flagged
financial,,,,y,,750577_FY2023_012,HWC,2023,12,Risks Related to the Financial Services Industry,We depend on the accuracy and completeness of information about clients and counterparties.,"In deciding whether to extend credit or enter into other transactions with clients and counterparties, we rely in substantial part on information furnished by or on behalf of clients and counterparties, including financial statements and other financial information. We also may rely on representations of clients and counterparties as to the accuracy and completeness of that information and, with respect to financial statements, on reports of independent auditors if made available. If this information is inaccurate, we may be subject to loan defaults, financial losses, regulatory action, reputational harm or other adverse effects with respect to our business, financial condition and results of operations.",804,750577,https://www.sec.gov/Archives/edgar/data/750577/000095017024022252/hwc-20231231.htm,
strategic,,,,y,,1281761_FY2024_027,RF,2024,27,Reputational Risks,Damage to our reputation could significantly harm our businesses.,"Our ability to attract and retain customers and highly-skilled management and employees is impacted by our reputation. A negative public opinion of us and our business can result from any number of activities, including our lending practices, corporate governance and regulatory compliance, acquisitions and actions taken by community organizations in response to these activities. Furthermore, negative publicity regarding us as an employer could have an adverse impact on our reputation, especially with respect to matters of diversity, pay equity and workplace harassment. Significant harm to our reputation, or the reputation of any company, could also arise as a result of regulatory or governmental actions, litigation and the activities of our customers, other participants in the financial services industry or our contractual counterparties, such as our service providers and vendors. In addition, a cybersecurity event affecting us or our customers’ data could have a negative impact on our reputation and customer confidence in us and our cybersecurity practices. Damage to our reputation could also adversely affect our credit ratings and access to the capital markets. Additionally, the widespread use of social media platforms by virtually every segment of society facilitates the rapid dissemination of information or misinformation, which magnifies the potential harm to our reputation.",1467,1281761,https://www.sec.gov/Archives/edgar/data/1281761/000128176125000010/rf-20241231.htm,
,,,,,,861842_FY2022_027,CATY,2022,27,"Information, Information Technology and Privacy Risks","Our need to continue to adapt our information technology systems to allow us to provide new and expanded service could present operational issues, require significant capital spending, and disrupt our business.","The financial services market, including banking services, is continuing to undergo rapid changes with frequent introductions of new technology-driven products and services. In addition to better serving clients, the effective use of technology increases efficiency and may enable us to reduce costs. Our future success may depend, in part, on our ability to use technology to provide products and services that provide convenience to clients and to create additional efficiencies in our operations. As we continue to offer Internet banking and other online and mobile services to our clients, and continue to expand our existing conventional banking services, we will need to adapt our information technology systems to handle these changes in a way that meets constantly changing industry and regulatory standards. This can be very expensive and may require significant capital expenditures. In addition, our success will depend on, among other things, our ability to provide secure and reliable services, anticipate changes in technology, and efficiently develop and introduce services that are accepted by our clients and cost effective for us to provide. Some of our competitors have substantially greater resources to invest in technological improvements than we currently have. We may not be able to effectively implement new technology-driven products and services or be successful in marketing these products and services to our clients. As a result, our ability to effectively compete to retain or acquire new business may be impaired, and our business, financial condition or results of operations, may be adversely affected.",1846,861842,https://www.sec.gov/Archives/edgar/data/861842/000143774923004952/caty20221231_10k.htm,
,,,,,,875357_FY2024_019,BOKF,2024,19,Risks Related to an Investment in Our Stock,Possible future sales of shares by BOK Financial's principal shareholder could adversely affect the market price of BOK Financial's common stock.,"Mr. Kaiser has the right to sell shares of BOK Financial's common stock in compliance with the federal securities laws at any time, or from time to time. The federal securities laws will be the only restrictions on Mr. Kaiser's ability to sell. Because of his current control of BOK Financial, Mr. Kaiser could sell large amounts of his shares of BOK Financial's common stock by causing BOK Financial to file a registration statement that would allow him to sell shares more easily. In addition, Mr. Kaiser could sell his shares of BOK Financial's common stock without registration under Rule 144 of the Securities Act. Although BOK Financial can make no predictions as to the effect, if any, that such sales would have on the market price of BOK Financial's common stock, sales of substantial amounts of BOK Financial's common stock, or the perception that such sales could occur, could adversely affect market prices. If Mr. Kaiser sells or transfers his shares of BOK Financial's common stock as a block, another person or entity could become BOK Financial's controlling shareholder.",1231,875357,https://www.sec.gov/Archives/edgar/data/875357/000087535725000013/bokf-20241231.htm,
,,,,,,39263_FY2025_011,CFR,2025,11,Operational Risks,Our Reputation and Our Business Are Subject to Negative Publicity Risk,"Risk to our earnings, liquidity, and capital from negative public opinion, is inherent in our business. Negative public opinion could adversely affect our ability to keep and attract customers and expose us to adverse legal and regulatory consequences. Negative public opinion could result from our actual or alleged conduct in any number of activities, including (i) lending practices, (ii) branching strategy, (iii) product and service offerings, (iv) corporate governance, (v) regulatory compliance, (vi) mergers and acquisitions, (vii) disclosure, (viii) sharing or inadequate protection of customer information, (ix) successful or attempted cyber-attacks against us, our customers or our third-party partners or vendors and (x) failure to achieve any publicly announced commitments to employees or other initiatives or to respond adequately to stakeholders’ concerns or actions taken by government regulators and community organizations. There is focus by some investors and other stakeholders on topics related to corporate policies and approaches related to environmental and social matters. Due to divergent stakeholder views on these matters, we are at increased risk that any action, or lack thereof, concerning these matters will be perceived negatively by some stakeholders, which could negatively affect our business and reputation. Negative public opinion could also result from adverse news or publicity that impairs the reputation of the financial services industry generally or from the actions of our employees, customers, affiliates or third parties with whom we do business. In addition, our reputation or future prospects may be significantly damaged by adverse publicity or negative information regarding us, whether or not true, that may be posted on social media, non-mainstream news services or other parts of the internet, and this risk is magnified by the speed and pervasiveness with which information is disseminated through those channels. Because we conduct most of our business under the “Frost” brand, negative public opinion about one business could affect our other businesses. Events that result in damage to our reputation may also increase our litigation risk, increase regulatory scrutiny, affect our ability to attract and retain customers and employees and have other consequences that we may not be able to predict.",2427,39263,https://www.sec.gov/Archives/edgar/data/39263/000003926326000011/cfr-20251231.htm,
,,,,,,1810546_FY2025_036,EBC,2025,36,Risks Related to Our Business and Our Industry Generally,Operational risks are inherent in our businesses.,"Our enterprise risk management framework seeks to achieve an appropriate balance between risk and return, which is critical to optimizing shareholder value. We have established processes and procedures intended to identify, measure, monitor, report and analyze the types of risk to which we are subject, including credit, liquidity, operational, regulatory compliance and reputational. However, as with any risk management framework, there are inherent limitations to our risk management strategies as there may exist, or develop in the future, risks that we have not appropriately anticipated or identified. If our risk management framework proves ineffective, we could suffer unexpected losses and our business and results of operations could be materially adversely affected. In addition to the necessity of maintaining our enterprise risk management framework, our operations depend on our ability to process a very large number of transactions efficiently and accurately while complying with applicable laws and regulations. Operational risk and losses can result from factors such as internal and external fraud; errors by employees or third parties; failure to document transactions properly or to obtain proper authorization; failure to comply with applicable regulatory requirements and conduct of business rules; equipment failures, including those caused by natural disasters or by electrical, telecommunications or other essential utility outages; business continuity and data security system failures, including those caused by computer viruses, cyber-attacks or unforeseen problems encountered while implementing major new computer systems or upgrades to existing systems; or the inadequacy or failure of systems and controls, including those of our suppliers or counterparties. Although we have implemented and routinely refine our risk controls and loss mitigation actions, and we devote substantial resources to developing efficient procedures, identifying and rectifying weaknesses in existing procedures and staff training, it is not possible to be certain that such actions have been or will be effective in controlling each of the operational risks we face. Any weakness in these systems or controls, or any violation or alleged violation of applicable laws or regulations, could result in increased regulatory supervision, enforcement actions and other disciplinary action, and have an adverse impact on our business, results of operations, reputation and ability to obtain future regulatory approvals, including those necessary to complete mergers or other acquisitions.",2642,1810546,https://www.sec.gov/Archives/edgar/data/1810546/000162828026013126/ebc-20251231.htm,
,,,,,,22356_FY2024_018,CBSH,2024,18,General Risks,Public health threats or outbreaks of communicable diseases could have an adverse effect on the Company's operations and financial results.,"The Company may face risks related to public health threats or outbreaks of communicable diseases. A widespread healthcare crisis, such as an outbreak of a communicable disease could adversely affect the global economy and the Company’s financial performance. For example, the global COVID-19 pandemic caused significant disruption and harm to the economy and the financial markets in which the Company operates. As seen during the COVID-19 pandemic, fallout from economic and societal changes resulting from significant public health threats may cause prolonged global or national recessionary economic conditions, which could have a material adverse effect on the Company's business, results of operations and financial condition. The potential impacts of future epidemics, pandemics, or other outbreaks of an illness, disease, or virus could therefore materially and adversely affect the Company's business, revenue, operations, financial condition, liquidity and cash flows.",1117,22356,https://www.sec.gov/Archives/edgar/data/22356/000002235625000016/cbsh-20241231.htm,
,,,,,,910073_FY2022_015,FLG,2022,15,Legal/Compliance Risks,"Our enterprise risk management framework may not be effective in mitigating the risks to which we are subject, based upon the size, scope, and complexity of the Company.","As a financial institution, we are subject to a number of risks, including interest rate, credit, liquidity, legal/compliance, market, strategic, operational, and reputational. Our ERM framework is designed to minimize the risks to which we are subject, as well as any losses stemming from such risks. Although we seek to identify, measure, monitor, report, and control our exposure to such risks, and employ a broad and diverse set of risk monitoring and mitigation techniques in the process, those techniques are inherently limited because they cannot anticipate the existence or development of risks that are currently unknown and unanticipated. For example, economic and market conditions, heightened legislative and regulatory scrutiny of the financial services industry, and increases in the overall complexity of our operations, among other developments, have resulted in the creation of a variety of risks that were previously unknown and unanticipated, highlighting the intrinsic limitations of our risk monitoring and mitigation techniques. As a result, the further development of previously unknown or unanticipated risks may result in our incurring losses in the future that could adversely impact our financial condition and results of operations. Furthermore, an ineffective ERM framework, as well as other risk factors, could result in a material increase in our FDIC insurance premiums.",1571,910073,https://www.sec.gov/Archives/edgar/data/910073/000095017023005505/nycb-20221231.htm,"Rename was cosmetic, but Flagstar Bank a"
,,,,,,1015328_FY2022_028,WTFC,2022,28,Legal and Regulatory Risks,"Non-compliance with the USA PATRIOT Act, BSA or other laws and regulations could result in fines or sanctions.","The USA PATRIOT Act and the BSA require financial institutions to develop programs to prevent financial institutions from being used for money laundering or the funding of terrorist activities. If such activities are detected, financial institutions are obligated to file suspicious activity reports with FinCEN. The BSA and its implementing regulations require covered financial institutions to establish procedures for identifying and verifying the identity of customers seeking to open new accounts. Failure to comply with the BSA and its implementing regulations could result in fines or sanctions. An increasing number of banking institutions have received large fines for non-compliance with the BSA and its implementing regulations. Although we have developed policies and procedures designed to assist in compliance with these laws and regulations, no assurance can be given that these policies and procedures will be effective in preventing violations of these laws and regulations.",1101,1015328,https://www.sec.gov/Archives/edgar/data/1015328/000101532823000070/wtfc-20221231.htm,
,,,,,,798941_FY2023_005,FCNCA,2023,5,Strategic Risks,"We rely on dividends from FCB for paying dividends on our common and preferred stock and servicing our debt obligations, and FCB’s ability to pay us dividends is restricted.","As an FHC, we are a separate legal entity from FCB. We derive most of our revenue and cash flow from dividends paid by FCB. These dividends are the primary source from which we pay dividends on our common and preferred stock and interest and principal on our debt obligations. State and federal laws impose restrictions on the dividends that FCB may pay to us. In general, we are required to submit an annual capital plan to the FRB that includes any planned dividends, redemptions, or stock repurchases over a set planning horizon. The FRB could prohibit or limit our payment of dividends, redemptions, or stock repurchases if it determines that payment of the dividend or such redemption or stock repurchase would constitute an unsafe or unsound practice. In the event FCB is unable to pay dividends to us for an extended period of time, we may not be able to service our debt obligations or pay dividends on our common or preferred stock, and the inability to receive dividends from FCB could consequently have a material adverse effect on our business, financial condition and results of operations.",1276,798941,https://www.sec.gov/Archives/edgar/data/798941/000079894124000018/fcnca-20231231.htm,
,,,,,,36270_FY2022_007,MTB,2022,7,Risk Factors,Risk Factors,"M&T and its subsidiaries face a number of potential risks and uncertainties that are difficult to predict. As a financial institution, certain risk elements are inherent in the ordinary course of the Company’s business activities and adverse experience with those risks could have a material impact on the Company’s business, financial condition, liquidity and results of operations, as well as on the values of the Company’s financial instruments and M&T’s securities, including its common stock. The following risk factors set forth some of the risks that could materially and adversely impact the Company, although there may be additional risks that are not presently material or known that may adversely affect the Company.",739,36270,https://www.sec.gov/Archives/edgar/data/36270/000095017023003804/mtb-20221231.htm,
,,,,,,1810546_FY2023_059,EBC,2023,59,Risks Related to Regulations,"Non-compliance with the USA PATRIOT Act, Bank Secrecy Act or other laws and regulations could result in fines or sanctions.","The USA PATRIOT and Bank Secrecy Acts require financial institutions to develop programs to prevent financial institutions from being used for money laundering and terrorist activities. If such activities are detected, financial institutions are obligated to file suspicious activity reports with the U.S. Treasury’s Office of Financial Crimes Enforcement Network. These rules require financial institutions to establish procedures for identifying and verifying the identity of customers seeking to open new financial accounts. Failure to comply with these regulations could result in fines or sanctions, including restrictions on conducting acquisitions or establishing new branches. Although we have developed policies and procedures designed to assist in compliance with these laws and regulations, these policies and procedures may not be effective in preventing violations of these laws and regulations.",1031,1810546,https://www.sec.gov/Archives/edgar/data/1810546/000162828024006922/ebc-20231231.htm,
,,,,,,1169770_FY2023_055,BANC,2023,55,Risks Relating to External Factors and Markets,We are subject to risk arising from the soundness of other financial institutions and counterparties.,"Financial services institutions are interrelated as a result of trading, clearing, counterparty, or other relationships. We have exposure to many different industries and counterparties, and routinely execute transactions with counterparties in the financial services industry, including commercial banks, brokers and dealers, investment banks, and other institutional clients. Many of these transactions expose us to credit risk in the event of a default by a counterparty or client. In addition, our credit risk may be exacerbated when the collateral held by us cannot be realized upon or is liquidated at prices not sufficient to recover the full amount of the credit or derivative exposure due to us. Any such losses could have a material adverse effect on our business, financial condition, and results of operations.",923,1169770,https://www.sec.gov/Archives/edgar/data/1169770/000162828024007933/banc-20231231.htm,
,,,,,,73124_FY2024_040,NTRS,2024,40,Strategic Risks,"If we do not develop and execute strategic plans successfully, our growth may be impacted negatively.","Our growth depends upon successful, consistent development and execution of our business strategies. A failure to develop and execute these strategies may impact growth negatively. A failure to grow organically or to integrate successfully an acquisition could have an adverse effect on our business. The challenges arising from the integration of an acquired business may include preserving valuable relationships with employees, clients, suppliers and other business partners, delivering enhanced products and services, as well as combining accounting, data processing and internal control systems. To the extent we enter into transactions to acquire complementary businesses and/or technologies, we may not achieve the expected benefits of such transactions, which could result in increased costs, lowered revenues, ineffective deployment of capital, regulatory concerns, exit costs or diminished competitive position or reputation. These risks may be increased if the acquired company operates internationally or in a geographic location where we do not already have significant business operations. Execution of our business strategies also may require certain regulatory approvals or consents, which may include approvals of the Federal Reserve Board and other domestic and non-U.S. regulatory authorities. These regulatory authorities have the ability to impose conditions on the activities or transactions contemplated by our business strategies which may impact negatively our ability to realize fully the expected benefits of certain opportunities. Further, acquisitions we announce may not be completed, or completed in the time frame anticipated, if we do not receive the required regulatory approvals, if regulatory approvals are significantly delayed or if other closing conditions are not satisfied.",1915,73124,https://www.sec.gov/Archives/edgar/data/73124/000007312425000105/ntrs-20241231.htm,
,,,,,,1212545_FY2025_035,WAL,2025,35,Legal and Compliance Risks,Regulatory compliance requirements and expense likely will increase when we reach $100 billion in assets.,"Regulatory requirements and associated costs generally increase based on a bank holding company’s consolidated asset tier. Upon exceeding the $100 billion in assets threshold, we will become subject to Category IV enhanced prudential standards. As of December 31, 2025, we had $92.8 billion in assets on a consolidated basis. Under such enhanced prudential standards, Category IV bank holding companies are subject to greater regulation and supervision, including, but not limited to: certain capital planning and stress testing and capital buffer requirements; supervisory capital stress testing conducted by the FRB biennially; and certain liquidity risk management and liquidity stress testing and buffer requirements. Our preparations for, and the application of, these enhanced prudential standards and resolution planning requirements for our depository institution could adversely affect our results of operations and financial performance through additional capital and liquidity requirements and increased compliance costs. While compliance costs associated with those and other Category IV regulations are expected to be substantial, we believe a considerable portion of these costs have already been incurred as we have proactively upgraded compliance systems, processes, and staffing in anticipation of surpassing the $100 billion asset mark.",1459,1212545,https://www.sec.gov/Archives/edgar/data/1212545/000162828026010336/wal-20251231.htm,
,,,,,,707179_FY2024_007,ONB,2024,7,"Strategic, Financial, and Reputational Risks","Old National operates in an extremely competitive market, and Old National’s business will suffer if Old National is unable to compete effectively.","In our market area, Old National encounters significant competition from other commercial banks, savings and loan associations, credit unions, mortgage banking firms, FinTech companies, consumer finance companies, securities brokerage firms, insurance companies, money market mutual funds, and other financial services companies. Our competitors may have substantially greater resources and lending limits than Old National does and may offer services that Old National does not or cannot provide. Some of our nonfinancial institution competitors may have fewer regulatory constraints, broader geographic service areas, and, in some cases, lower cost structures and, as a result, may be able to compete more effectively for business. In particular, the activity of marketplace lenders and other FinTechs has grown significantly over recent years and is expected to continue to grow. FinTechs have and may continue to offer bank or bank-like products. For example, a number of FinTechs have applied for, and in some cases received, bank or industrial loan charters. In addition, other FinTechs have partnered with existing banks to allow them to offer deposit products to their customers. Regulatory changes may also make it easier for FinTechs to partner with banks and offer deposit products. Our ability to originate residential mortgage loans has also been adversely affected by the increased competition resulting from the unprecedented involvement of the U.S. government and government-sponsored entities in the residential mortgage market. Other recent regulation has reduced the regulatory burden of large bank holding companies and raised the asset thresholds at which more onerous requirements apply, which could cause certain large bank holding companies with less than $250 billion in total consolidated assets, which were previously subject to more stringent enhanced prudential standards, to become more competitive or to pursue expansion more aggressively. There is also increased competition from out-of-market competitors through online and mobile channels. In addition, the emergence, adoption and evolution of new technologies that do not require intermediation, including distributed ledgers, as well as advances in automation, could significantly affect competition for financial services. Old National’s profitability depends upon our continued ability to compete successfully in our market area.",2564,707179,https://www.sec.gov/Archives/edgar/data/707179/000070717925000005/onb-20241231.htm,
,,,,,,801337_FY2023_016,WBS,2023,16,Compliance Risk,Health care reform could adversely affect our HSA Bank division.,"The enactment of future health care reform affecting HSAs at the federal or state level may affect our HSA Bank division as a bank custodian of HSAs. We cannot predict if any such reforms will occur, ultimately become law, or if enacted, what the terms or regulations promulgated pursuant to such laws will be. Any health care reform enacted may be phased in over a number of years, but could, with respect to the operations of HSA Bank, reduce revenues, increase costs, and require us to revise the ways in which we conduct business or put us at risk for loss of business. In addition, our results of operations, financial position, and cash flows could be materially adversely affected by such changes.",768,801337,https://www.sec.gov/Archives/edgar/data/801337/000080133724000007/wbs-20231231.htm,
,,,,,,707179_FY2023_035,ONB,2023,35,"Legal, Regulatory, and Compliance Risks",Fee revenues from overdraft protection programs may be subject to increased supervisory scrutiny.,"In 2023, the Company collected $22.3 million in overdraft transaction fees. Members of Congress and the leadership of the OCC and CFPB have expressed a heightened interest in bank overdraft protection programs. On January 17, 2024, the CFPB proposed a rule that would significantly reform the regulatory framework governing overdraft practices applicable to banks such as Old National Bank that have more than $10 billion in assets. If adopted as proposed, the proposed rule would likely result in decreased revenue from overdraft transaction fees for Old National Bank. See “Business – Supervision and Regulation” herein for more information about this proposed rule. These actions are a component of the CFPB’s broader supervision and enforcement initiative targeting so-called consumer “junk fees.” In addition, the OCC has identified potential options for reform of national bank overdraft protection practices, including providing a grace period before the imposition of a fee, refraining from charging multiple fees in a single day and eliminating fees altogether. In response to this increased congressional and regulatory scrutiny, and in anticipation of enhanced supervision and enforcement of overdraft protection practices in the future, certain banking organizations have modified their overdraft protection programs, including by discontinuing the imposition of overdraft transaction fees. These competitive pressures from our peers, as well as any adoption by our regulators of new rules or supervisory guidance or more aggressive examination and enforcement policies in respect of banks’ overdraft protection practices, could cause us to modify our program and practices in ways that may have a negative impact on our revenue and earnings, which, in turn, could have an adverse effect on our financial condition and results of operations. In addition, as supervisory expectations and industry practices regarding overdraft protection programs change, our continued offering of overdraft protection may result in negative public opinion and increased reputation risk.",2178,707179,https://www.sec.gov/Archives/edgar/data/707179/000070717924000006/onb-20231231.htm,
,,,,,,860413_FY2024_032,FIBK,2024,32,Strategic Risks,"Investing in technology, and the inability or failure to integrate technologies into the Company’s operations may affect our business and earnings negatively.","Our success in the competitive environment in which we operate requires consistent investment of capital and human resources in innovation and technology, particularly in light of the current “FinTech” environment, in which financial institutions are investing significantly in new technologies, such as AI, machine learning, blockchain and other distributed ledger technologies, and developing potentially industry-changing new products, services and industry standards in order to attract clients. Our investment is directed at meeting the needs of our clients, adapting existing products and services to consider the evolving demands of the marketplace, and maintaining the security of our systems and building a platform for future innovation, technology, and a competitive advantage that is scalable. Our investment focuses on enhancing the delivery of our products and services, such as our recent implementation of Encompass Mortgage Loan Origination System, Mortgage Online Banking and Mobile Application, Commercial Center Online Banking, Healthcare Receivables Manager, Contactless Credit and Debit Cards, and Zelle. Falling significantly behind our competition in technology, or if the Company is not able to properly or timely anticipate or implement such technologies, or effectively train its staff to use such technologies, its business, financial condition, or operating results could be adversely affected. In addition, the recent emerging technology trends, such as AI, including large language models, require us to keep pace with evolving regulations and industry standards. In the United States, there are various current and proposed regulatory frameworks relating to the use of AI in products and services. We expect that the legal and regulatory environment relating to emerging technologies such as AI will continue to develop and could increase the cost of doing business, and create compliance risks and potential liability, all which may have a material adverse effect on our financial condition and results of operations. Governments are also considering the new issues in intellectual property law that AI creates, which could result in different intellectual property rights in technology we create with AI and development processes and procedures and could have a material adverse effect on our business.",2494,860413,https://www.sec.gov/Archives/edgar/data/860413/000086041325000022/fibk-20241231.htm,
,,,,,,868671_FY2025_001,GBCI,2025,1,Economy and Our Markets,Competition in the Bank’s market areas may limit future success.,"Commercial banking is a highly competitive business and a consolidating industry. The Bank competes with other commercial banks, credit unions, finance, insurance and other non-depository companies operating in its market areas. The Bank is subject to substantial competition for loans and deposits from other financial institutions. Some of its competitors are not subject to the same degree of regulation and restriction as the Bank while others have greater financial resources than the Bank. Additionally, the competitive landscape in the Bank’s market areas may change as a result of technological advancements, further consolidation, or banking charters issued to or acquired by fintech companies. If the Bank is unable to effectively compete in its market areas or effectively adjust to the changing competitive landscape, the Bank’s business, financial condition, results of operations, and prospects could be adversely affected.",1001,868671,https://www.sec.gov/Archives/edgar/data/868671/000086867126000023/gbci-20251231.htm,
,,,,,,7789_FY2024_027,ASB,2024,27,Operational Risks,"Impairment of investment securities, goodwill, other intangible assets, or DTAs could require charges to earnings, which could result in a negative impact on our results of operations.","In assessing whether the impairment of investment securities is related to a deterioration in credit factors, management considers the length of time and extent to which the fair value has been less than cost, the financial condition and near-term prospects of the issuer, and the intent and ability to retain our investment in the security for a period of time sufficient to allow for any anticipated recovery in fair value in the near term. Under current accounting standards, goodwill is not amortized but, instead, is subject to impairment tests on at least an annual basis or more frequently if an event occurs or circumstances change that reduce the fair value of a reporting unit below its carrying amount. A decline in our stock price or occurrence of a triggering event following any of our quarterly earnings releases and prior to the filing of the periodic report for that period could, under certain circumstances, cause us to perform a goodwill impairment test and result in an impairment charge being recorded for that period which was not reflected in such earnings release. During 2024, the annual impairment test conducted in May, using a qualitative assessment, indicated that the estimated fair value of all of the Corporation’s reporting units exceeded the carrying value. In the event that we conclude in a future assessment that all or a portion of our goodwill may be impaired, a non-cash charge for the amount of such impairment would be recorded to earnings. Such a charge would have no impact on tangible capital. At December 31, 2024, we had goodwill of $1.1 billion, which represents approximately 24% of stockholders’ equity. In assessing the realizability of DTAs, management considers whether it is more likely than not that some portion or all of the DTAs will not be realized. Assessing the need for, or the sufficiency of, a valuation allowance requires management to evaluate all available evidence, both negative and positive, including the recent trend of quarterly earnings. Positive evidence necessary to overcome the negative evidence includes whether future taxable income in sufficient amounts and character within the carryback and carryforward periods is available under the tax law, including the use of tax planning strategies. When negative evidence (e.g., cumulative losses in recent years, history of operating loss or tax credit carryforwards expiring unused) exists, more positive evidence than negative evidence will be necessary. The impact of each of these impairment matters could have a material adverse effect on our business, results of operations, and financial condition.",2815,7789,https://www.sec.gov/Archives/edgar/data/7789/000000778925000013/asb-20241231.htm,
,,,,,,700564_FY2024_024,FULT,2024,24,RISKS RELATED TO COMPETITION,Our ability to attract and retain qualified employees is critical to our success.,"Our employees are our most important resource. Competition for qualified personnel is intense in many areas of the financial services industry. We endeavor to attract talented new employees and retain and motivate our existing employees to assist in executing our growth, acquisition and business strategies. We also seek to retain proven, experienced senior employees augmented from time to time by external hires, to provide continuity of succession of our executive management team. Losses of or changes in our current executive officers or other key personnel, or the inability to recruit and retain qualified personnel in the future, could materially and adversely affect our financial condition and results of operations.",808,700564,https://www.sec.gov/Archives/edgar/data/700564/000070056425000014/fult-20241231.htm,
,,,,,,1212545_FY2023_001,WAL,2023,1,Market and Economic Risks,"Our financial performance may be adversely affected by conditions in the financial markets, adverse developments or concerns affecting the financial services industry generally or financial institutions that are similar to us or may be viewed as being similar to us, and economic conditions generally.","Our financial performance is highly dependent upon the business environment in the markets where we operate and in the U.S. as a whole. Unfavorable or uncertain economic and market conditions can be caused by declines in economic growth, business activity, or investor or business confidence, limitations on the availability or increases in the cost of credit and capital, increases in inflation or interest rates, U.S. government debt default or shutdown, the imposition of tariffs on trade, natural disasters, the emergence of widespread health emergencies or pandemics (such as the COVID-19 pandemic), terrorist attacks, acts of war (such as the military conflicts in Ukraine and the Middle East), or a combination of these or other factors. The specific impact on us of unfavorable or uncertain economic or market conditions is difficult to predict, could be long or short term, and may be indirect, such as disruptions in our customers' supply chains or a reduction in the demand for their products or services. A worsening of business and economic conditions generally or specifically in the principal markets in which we conduct business could have adverse effects, including the following: a decrease in deposit balances or the demand for loans and other products and services we offer; an increase in the number of borrowers who become delinquent, file for protection under bankruptcy laws or default on their loans or other obligations to us, which could lead to higher levels of nonperforming assets, net charge-offs, and provisions for credit losses; a decrease in the value of loans and other assets or in the value of collateral; a decrease in net interest income from our lending and deposit gathering activities; an impairment of certain intangible assets such as goodwill; an increase in competition resulting from increasing consolidation within the financial services industry; and an increase in borrowing costs in excess of changes in the rate at which we reinvest funds. In the U.S. financial services industry, the soundness of financial institutions is closely interrelated. Actual events involving limited liquidity, defaults, non-performance or other adverse developments affecting financial institutions, transactional counterparties or other companies in the financial services industry or the financial services industry generally, or concerns or rumors about any events of these kinds or other similar events, have in the past and may in the future lead to erosion of customer confidence in the banking system or certain banks, deposit volatility, liquidity issues, credit problems, losses or defaults by other institutions, stock price volatility and other adverse developments. The bank closures in the first half of 2023 led to such disruption and volatility, including deposit outflows, at many mid-sized banks, including us, increasing the need for liquidity. Although bank regulators ensured depositors would have access to all of their money after only one business day of the first such bank closure, including funds held in uninsured deposit accounts, it is not certain bank regulators will treat future bank failures similarly. Additionally, these types of events may adversely affect financial intermediaries, such as clearing agencies, clearing houses, banks, securities firms, and exchanges, with which we interact on a daily basis. Any of these impacts, or any other impacts resulting from the events described above or other related or similar events, could have a material adverse effect on our liquidity and current and/or projected business operations and financial condition and results of operations. It is possible that the business environment in the U.S., including with respect to the financial services industry, will continue to be challenging or experience recession or additional volatility in the future. There can be no assurance such conditions will improve in the near term or that conditions will not worsen. There also can be no assurance there will not be additional bank failures or liquidity concerns in particular segments of the financial services industry or in the U.S. financial system as a whole. Such conditions or events could adversely affect our business, results of operations, and financial condition.",4581,1212545,https://www.sec.gov/Archives/edgar/data/1212545/000121254524000092/wal-20231231.htm,
,,,,,,759944_FY2024_015,CFG,2024,15,Risks Related to Our Business,We rely heavily on communications and information systems to conduct our business.,"Any failure, interruption or breach in the security of our communication and information systems, including due to cyber-attacks or our failure to adequately maintain and manage our systems or implement system changes and upgrades, could result in failures or disruptions in our customer relationship management, general ledger, deposit, loan and other systems. Although our policies and procedures are designed to prevent or limit the effect of the possible failure, interruption or security breach of our information systems, there can be no assurance that these policies and procedures will be successful and that any such failure, interruption or security breach will not occur or, if they do occur, that they will be adequately addressed. The occurrence of any failure, interruption or security breach of our information systems could require us to devote substantial resources to recovery and response efforts, damage our reputation, result in a loss of customer business, subject us to additional regulatory scrutiny or expose us to civil litigation and possible financial liability. Although we maintain insurance coverage for information security events, we may incur losses as a result of such events that are not insured against or not fully covered by our insurance.",1360,759944,https://www.sec.gov/Archives/edgar/data/759944/000075994425000013/cfg-20241231.htm,
,,,,,,37808_FY2022_025,FNB,2022,25,O,"The impacts of the pandemic on our business, financial condition and results of operations are likely to continue to change.","The COVID-19 pandemic caused significant disruption in the international and U.S. economies and financial markets and had an adverse effect on our business. The spread of COVID-19 caused death, illness, quarantines, cancellation of events and travel, business and school shutdowns, reduction in business activity and financial transactions, supply chain interruptions and overall economic and financial market instability. Activity restrictions imposed in response to the pandemic, as well as other consequences of the pandemic, resulted in significant adverse effects for many different types of businesses, and caused significant disruption of the U.S. workforce, including labor shortages resulting from employee resignations, retirements, layoffs and furloughs, which also impacted the regions in which we operate. The effects of the COVID-19 pandemic have varied significantly by region, and the extent of the effects of the pandemic on the U.S. and global economies, labor markets and financial markets are likely to continue to change. Future developments will be highly uncertain and cannot be predicted, including the effectiveness of post-pandemic remote working arrangements, third party providers’ ability to continue to support our operations, and any further actions taken by governmental authorities and other third parties. Additionally, although there is a greater understanding of the COVID-19 virus and the US population is much more aware of behaviors to adopt to limit transmission, there remains the prospect, that new, possibly more resilient, or lethal variants, could emerge resulting in widespread lockdowns akin to those in 2020 and similar increased economic, labor, supply chain and other significant disruption which may impact our businesses. Accordingly, the pandemic and related dynamics could materially and adversely affect our business, operations, operating results, financial condition, liquidity or capital levels.",2077,37808,https://www.sec.gov/Archives/edgar/data/37808/000003780823000005/fnb-20221231.htm,
,,,,,,90498_FY2022_041,SFNC,2022,41,General Risk Factors,Our management has broad discretion over the use of proceeds from future stock offerings.,"Although we generally indicate our intent to use the proceeds from stock offerings for general corporate purposes, including funding internal growth and selected future acquisitions, our Board of Directors retains significant discretion with respect to the use of the proceeds from possible future offerings. If we use the funds to acquire other businesses, there can be no assurance that any business we acquire will be successfully integrated into our operations or otherwise perform as expected.",587,90498,https://www.sec.gov/Archives/edgar/data/90498/000162828023005228/sfnc-20221231.htm,
,,,,,,763901_FY2023_024,BPOP,2023,24,STRATEGIC RISKS,"Evertec, we may be unable to enhance our current services and introduce new products and services in a timely and cost-effective manner, placing us at a competitive disadvantage and significantly affecting our business, financial condition and results of operations.","To compete effectively, we need to constantly enhance and modify our products and services and introduce new products and services to attract and retain clients or to match products and services offered by our competitors, including technology companies and other nonbank firms that are engaged in providing similar products and services. Although the Evertec Business Acquisition Transaction eliminated certain provisions of a previous Master Services Agreement with Evertec that required us to use Evertec exclusively to develop and implement new or enhanced products and services, and is expected to improve Popular’s ability to manage and control the development of the customer channels supported by the assets acquired as part of the Evertec Business Acquisition Transaction (the “Acquired Assets”), Popular expects that it will continue to depend on Evertec’s technology services to operate and control current products and services and to implement future products and services, making our success dependent on Evertec’s ability to timely complete and introduce these enhancements and new products and services in a cost-effective manner. Our ability to enhance our customer channels is also dependent on Evertec timely delivering the core application programming interfaces (“Core APIs”) that meet BPPR’s requirements, which Evertec has committed to develop under the MSA. The Core APIs are necessary for BPPR to connect future enhancements to the Acquired Assets to existing Evertec core applications. Some of our competitors rely on financial services technology and outsourcing companies that are much larger than Evertec, serve a greater number of clients than Evertec, and may have better technological capabilities and product offerings than Evertec. Furthermore, financial services technology companies typically make capital investments to develop and modify their product and service offerings to facilitate their customers’ compliance with the extensive and evolving regulatory and industry requirements, and in most cases such costs are borne by the technology provider. Because of our contractual relationship with Evertec, and because Popular is the sole customer of certain of Evertec’s services and products, we have in the past borne the full cost of such developments and modifications and may be required to do so in the future, subject to the terms of the MSA. Moreover, the terms, speed, scalability, and functionality of certain of Evertec’s technology services are not competitive when compared to offerings from its competitors. Evertec’s failure to sufficiently invest in and upscale its technology and services infrastructure to meet the rapidly changing technology demands of our industry may result in us being unable to meet customer expectations and attract or retain customers. Furthermore, Evertec’s strategy and investments may also be refocused away from Popular towards other strategic initiatives as a result of the Evertec Business Acquisition Transaction. Any such impact could, in turn, reduce Popular’s revenues, place us in a competitive disadvantage and significantly affect our business, financial condition and results of operations. While the closing of the Evertec Business Acquisition Transaction narrowed the scope of services which we are dependent on Evertec to obtain and released us from exclusivity restrictions that limited our ability to engage other third-party providers of financial technology services, it also resulted in extensions of certain existing commercial agreements with Evertec and, as a result, have prolonged the duration of our exposure to the risks presented by Evertec’s technological capabilities and its failures to enhance its products and services and otherwise meet evolving demands. We may also be exposed to heightened business risks in connection with our dependency on Evertec with respect to BPPR’s merchant acquiring business, which exclusivity was extended until 2035, and with respect to the ATH Network, which commitment BPPR extended until 2030, in light of the pace of technology changes and competition in the payments industry.",4394,763901,https://www.sec.gov/Archives/edgar/data/763901/000119312524053017/d52551d10k.htm,
,,,,,,707179_FY2025_019,ONB,2025,19,"Market, Interest Rate, and Liquidity Risks",The Company must maintain adequate sources of funding and liquidity.,"The Company’s liquidity and ability to fund loan demand and operate its business could be materially adversely affected by a variety of conditions and factors, including financial and credit market disruptions and volatility or a lack of market or customer confidence in banks or other financial intermediaries or financial markets in general, which may result in a loss of customer deposits or outflows of cash or collateral and/or ability to access capital markets on favorable terms. As we and other regional banking organizations experienced in 2023, the failure of other financial institutions may cause deposit outflows as customers spread deposits among several different banks so as to maximize their amount of FDIC insurance, move deposits to banks deemed “too big to fail” or remove deposits from the banking system entirely. Negative news about the Company, banks, other financial intermediaries, or the financial services industry generally may reduce market or customer confidence in the Company, which could in turn materially adversely affect the Company’s liquidity and funding. Such reputational damage may result in the loss of customer deposits, the inability to sell or securitize loans or other assets, and downgrades in one or more of the Company’s credit ratings, and may also negatively affect the Company’s ability to access the capital markets. A downgrade in the Company’s credit ratings, which could result from general industry-wide or regulatory factors not solely related to the Company, could adversely affect the Company’s ability to borrow funds, including by raising the cost of borrowings substantially, and could cause creditors and business counterparties to raise collateral requirements or take other actions that could adversely affect Old National’s ability to raise capital. Many of the above conditions and factors may be caused by events over which Old National has little or no control. There can be no assurance that significant disruption and volatility in the financial markets will not occur in the future. If the Company is unable to continue to fund assets through customer bank deposits or access funding sources on favorable terms or if the Company suffers an increase in borrowing costs or otherwise fails to manage liquidity effectively, the Company’s liquidity, operating margins, financial condition, and results of operations may be materially adversely affected. The Company may also need to raise additional capital and liquidity through the issuance of stock, which could dilute the ownership of existing stockholders, or reduce or even eliminate common stock dividends or share repurchases to preserve capital and liquidity.",2755,707179,https://www.sec.gov/Archives/edgar/data/707179/000070717926000010/onb-20251231.htm,
,,,,,,1069157_FY2023_007,EWBC,2023,7,Risks Related to Financial Matters,Inflation can have an adverse impact on our business and on our customers.,"Inflation risk is the risk that the value of assets or income from investments will be worth less in the future as inflation decreases the value of money. In 2023 inflation persisted and was slow to decrease despite multiple increases to the federal funds rate by the Federal Reserve. As inflation increases and interest rates rise, the value of our investment securities, particularly those with longer maturities, decreases, although this effect is less pronounced for floating rate instruments. Prolonged periods of inflation also may impact our profitability by negatively impacting our costs and expenses, including increasing funding costs and expense related to talent acquisition and retention, and negatively impacting the demand for our products and services. Moreover, our customers are also affected by inflation and the rising costs of goods and services used in their households and businesses, which could have a negative impact on their ability to repay their loans. Further adverse changes in inflation and interest rates could negatively impact consumer and business confidence, and adversely affect the economy as well as our business, results of operations and financial condition.",1275,1069157,https://www.sec.gov/Archives/edgar/data/1069157/000106915724000020/ewbc-20231231.htm,
,,,,,,776901_FY2022_015,INDB,2022,15,"Risks Related to Legal, Regulatory and Policy Matters","Changes in U.S. trade policies and other global political factors beyond the Company’s control, including the imposition of tariffs, retaliatory tariffs, or other sanctions, may adversely impact the Company's business, financial condition and results of operations.","There have been, and may be in the future, changes and discussions with respect to U.S. and international trade policies, legislation, treaties and tariffs, embargoes, sanctions and other trade restrictions. Tariffs, retaliatory tariffs or other trade restrictions on products and materials that customers import or export, or a trade war or other related governmental actions related to tariffs, international trade agreements or policies or other trade restrictions have the potential to negatively impact the Company's and/or the Bank's customers' costs, demand for the Bank's customers' products, and/or the U.S. economy or certain sectors thereof and, thus, could adversely impact the Company's business, financial condition and results of operations. In addition, to the extent changes in the global political environment, including the Russia-Ukraine conflict, have had and may continue to have a negative impact on the Company or on the markets in which the Company operates, business, results of operations and financial condition could be materially and adversely impacted in the future.",1362,776901,https://www.sec.gov/Archives/edgar/data/776901/000077690123000064/indb-20221231.htm,
,,,,,,46195_FY2022_024,BOH,2022,24,General Risk Factors,Negative public opinion could damage our reputation and adversely impact our earnings and liquidity.,"Reputational risk, or the risk to our business, earnings, liquidity, and capital from negative public opinion, could result from our actual or alleged conduct in a variety of areas, including legal and regulatory compliance, lending practices, corporate governance, litigation, ethical issues, or inadequate protection of customer information. We expend significant resources to comply with regulatory requirements. Failure to comply could result in reputational harm or significant legal and/or remedial costs. Damage to our reputation could adversely affect our ability to retain and attract new customers, and adversely impact our earnings and liquidity.",757,46195,https://www.sec.gov/Archives/edgar/data/46195/000156459023002876/boh-10k_20221231.htm,
,,,,,,90498_FY2024_018,SFNC,2024,18,"Risks Related to Our Business, Industry, and Markets","We face strong competition from other banks, bank holding companies, and financial services companies.","In the markets we serve, the businesses of banking and financial services are fiercely competitive. Many of our competitors offer the same, or similar, products and services within our market areas. Some of our competitors are able to offer a broader range of products and services than we do. These competitors include banks with nationwide presences, regional banks, and community banks (who may have greater flexibility in their operational strategies than we possess). We also face competition from many other types of financial institutions, including, among others, credit unions, finance companies, insurance companies, brokerage and investment banking firms. Certain nonbank competitors of the Company are increasingly offering products and services that traditionally were banking products due to technological advances, and many of these nonbank competitors are not subject to the same extensive federal regulations that govern bank holding companies and federally insured banks. As a result, some of the competitors in our markets have the ability to offer products and services that we are unable to offer or to offer such products and services at more competitive rates. If we are unable to effectively compete for customers, we may lose loan and deposit market share, as well as experience reductions in net interest margin, fee income, and profitability, and our business, financial condition, and results of operations could be adversely affected.",1565,90498,https://www.sec.gov/Archives/edgar/data/90498/000162828025008639/sfnc-20241231.htm,
,,,,,,860413_FY2022_011,FIBK,2022,11,Table of,The soundness of other financial institutions could adversely affect the Company.,"Financial services companies are interrelated as a result of trading, clearing, counterparty, or other relationships. We have exposure to many different industries and counterparties. For example, we execute transactions with counterparties in the financial services industry, including brokers and dealers, commercial banks, investment banks, and other institutional clients. As a result, defaults by, or even rumors or questions about, one or more financial services companies or the financial services industry generally have led to market-wide liquidity problems and could lead to losses or defaults by us or by other institutions. Many of these transactions expose us to increased credit risk in the event of default of a counterparty or client.",831,860413,https://www.sec.gov/Archives/edgar/data/860413/000086041323000045/fibk-20221231.htm,
,,,,,,798941_FY2021_001,FCNCA,2021,1,Strategic Risks,"We may be adversely affected by risks associated with completed, pending or any potential future acquisitions.","We plan to continue to grow our business organically. However, we have pursued and expect to continue to pursue acquisition opportunities that we believe support our business strategies and may enhance our profitability. We must generally satisfy a number of material conditions prior to consummating any acquisition including, in many cases, federal and state regulatory approval. We may fail to complete strategic and competitively significant business opportunities as a result of our inability to obtain required regulatory approvals in a timely manner or at all, or the approval for such opportunity could include conditions imposing additional costs or limitations that reduce the anticipated related benefits. On July 9, 2021, President Biden issued an Executive Order on Promoting Competition in the American Economy encouraging the United States Attorney General along with the federal banking agencies to review the framework for evaluating bank mergers and acquisitions under the BHC Act and the Bank Merger Act. Additionally, the Director of the CFPB has publicly sought a greater role for the CFPB in the evaluation of bank merger proposals. Any enhanced regulatory scrutiny of bank mergers and acquisitions and revision of the regulatory framework for approval of bank mergers could adversely affect the marketplace for bank merger transactions and could result in potential future acquisitions by us being delayed, impeded or restricted in certain respects and result in new rules that possibly limit the size of financial institutions that we may be able to acquire in the future or alter the terms for such transactions. We may be unsuccessful in identifying, consummating or integrating any potential acquisitions. Acquisitions of financial institutions, assets of financial institutions or other operating entities involve operational risks and uncertainties, and acquired companies or assets may have unknown or contingent liabilities, exposure to unexpected asset quality problems that require write downs or write-offs, additional regulatory requirements or difficulty retaining key employees and customers. Due to these and other issues relating to acquisitions, we may not be able to realize projected cost savings, synergies or other benefits associated with any such acquisition. Failure to efficiently integrate any acquired entities or assets into our existing operations could significantly increase our operating costs and consequently have material adverse effects on our financial condition and results of operations.",2659,798941,https://www.sec.gov/Archives/edgar/data/798941/000079894122000014/fcnca-20211231.htm,
,,,,,,714310_FY2023_035,VLY,2023,35,Risks Related to an Investment in Our Securities,"If our subsidiaries are unable to pay dividends or make distributions to us, we may be unable to make dividend payments to our preferred and common shareholders or interest payments on our long-term borrowings and junior subordinated debentures issued to capital trusts.","Valley National Bancorp is a separate and distinct legal entity from our banking and non-banking subsidiaries and depend on dividends, distributions, and other payments from the Bank and its non-banking subsidiaries to fund cash dividend payments on our preferred and common stock and to fund most payments on our other obligations. Regulations relating to capital requirements affect the ability of the Bank to pay dividends and other distributions to us and to make loans to us. Additionally, if our subsidiaries’ earnings are not sufficient to make dividend payments to us while maintaining adequate capital levels, we may not be able to make dividend payments to our preferred and common shareholders or interest payments on our long-term borrowings and junior subordinated debentures issued to capital trusts. Furthermore, our right to participate in a distribution of assets upon a subsidiary’s liquidation or reorganization is subject to the prior claims of the subsidiary’s creditors.",1262,714310,https://www.sec.gov/Archives/edgar/data/714310/000071431024000065/vly-20231231.htm,
,,,,,,83246_FY2024_022,,2024,22,"Risks related to Regulation, Legislation and Litigation",Our operations are subject to risk of technology failure.,"In today's complex and interconnected technology environment, all financial institutions, including us, are at risk of technology failures. Such failures could result from inadequate design or implementation of our systems or controls, inadequate maintenance or upgrades of our systems, software and networks, or from events that are wholly or partially beyond our control, which may include: cyberattacks (see ""Our operations are subject to risk of cyberattacks."", below); electrical, telecommunications, or other essential utility outages; natural disasters, such as severe weather conditions and earthquakes; unforeseen complications from changes or updates, including those caused by vendors; events arising from local, regional or international politics, including terrorist acts or acts of war; and absence of personnel necessary to operate or maintain our systems, due to global pandemics or other unforeseen emergencies. Consequences of a technology failure may include operational disruptions, cybersecurity incidents (including loss of confidentiality, integrity, or availability of customer data), litigation expenses and liability for damages, loss of business, reputational damage, regulatory fines and increased regulatory scrutiny, and unanticipated costs to remediate the failure. This could have a material adverse effect on our operations, financial condition, business prospects, and reputation.",1471,83246,https://www.sec.gov/Archives/edgar/data/83246/000008324625000007/hsbcusa-20241231.htm,
,,,,,,883948_FY2024_022,AUB,2024,22,Risks Related to Our Lending Activities,We are subject to environmental risks.,"We own certain of our properties, and a significant portion of our loan portfolio is secured by real property. In the ordinary course of business, we may foreclose on and take title to properties, securing certain loans. As a result, we could be subject to environmental liabilities with respect to these properties. If hazardous or toxic substances are found, we may be liable for remediation costs, as well as for personal injury and property damage. Environmental laws may require us to incur substantial expenses and may materially reduce the affected property’s value or limit our ability to use or sell the affected property. In addition, future laws or more stringent interpretations or enforcement policies with respect to existing laws may increase our exposure to environmental liability. Although we have policies and procedures to obtain an environmental study during the underwriting process for certain CRE loan originations and to perform an environmental review before initiating any foreclosure action on real property, these reviews may not be sufficient to detect all potential environmental hazards. The remediation costs and any other financial liabilities associated with an environmental hazard could have a material adverse effect on our business, financial condition, and results of operations.",1357,883948,https://www.sec.gov/Archives/edgar/data/883948/000088394825000021/aub-20241231x10k.htm,
,,,,,,46195_FY2025_029,BOH,2025,29,General Risk Factors,"We are subject to certain litigation, and our expenses related to this litigation may adversely affect our results.","We are, from time to time, involved in various legal proceedings arising from our normal business activities. These claims and legal actions, including supervisory actions by our regulators, could involve large monetary claims and significant defense costs. The outcome of these cases is uncertain. Substantial legal liability or significant regulatory action against us could have material financial effects or cause significant reputational harm to us, which in turn could seriously harm our business prospects. In recent years, regulatory enforcement and fines have increased across the banking and financial services sector. There is no assurance that those actions will not result in regulatory settlements or other enforcement actions against the Company or the Bank. Furthermore, a single event involving a potential violation of law or regulation may give rise to numerous and overlapping investigations and proceedings by multiple federal and state agencies and officials. In addition, if one or more financial institutions are found to have violated a law or regulation relating to certain business activities, this could lead to investigations by regulators or other governmental agencies of the same or similar activities by other financial institutions, including the Company, and large fines and remedial measures that may have been imposed in resolving earlier investigations for the same or similar activities at other financial institutions may be used as the basis for future settlements. We may be exposed to substantial uninsured liabilities, which could materially affect our results of operations and financial condition. Based on information currently available, we believe that the eventual outcome of known actions against us will not be materially in excess of such amounts accrued by us. However, in the event of unexpected future developments, it is possible that the ultimate resolution of those matters may be material to our financial results for any particular period. See Note 19 in Item 8. “Notes to the Consolidated Financial Statements” under the discussion related to Contingencies for more information.",2255,46195,https://www.sec.gov/Archives/edgar/data/46195/000004619526000015/boh-20251231.htm,
,,,,,,883948_FY2023_011,AUB,2023,11,Risks Related to Our Lending Activities,"We may be required to repurchase mortgage loans or indemnify buyers against losses in some circumstances, which could harm our liquidity, results of operations and financial condition.","When mortgage loans are sold, whether as whole loans or pursuant to a securitization, we are required to make customary representations and warranties to purchasers, guarantors, and insurers, including the GSEs, about the mortgage loans and the manner in which they were originated. Whole loan sale agreements require repurchase or substitute mortgage loans, or indemnify buyers against losses, in the event we breach these representations or warranties. In addition, we may be required to repurchase mortgage loans as a result of early payment default of the borrower on a mortgage loan. If repurchase and indemnity demands increase and such demands are valid claims and are in excess of our provision for potential losses, our liquidity, results of operations, and financial condition may be adversely affected.",997,883948,https://www.sec.gov/Archives/edgar/data/883948/000088394824000030/aub-20231231x10k.htm,
,,,,,,875357_FY2021_016,BOKF,2021,16,Risks Related to an Investment in Our Stock,"Although publicly traded, BOK Financial's common stock has substantially less liquidity than the average trading market for a stock quoted on the NASDAQ National Market System.","A relatively small fraction of BOK Financial's outstanding common stock is actively traded. The risks of low liquidity include increased volatility of the price of BOK Financial's common stock. Low liquidity may also limit holders of BOK Financial's common stock in their ability to sell or transfer BOK Financial's shares at the price, time and quantity desired.",539,875357,https://www.sec.gov/Archives/edgar/data/875357/000087535722000013/bokf-20211231.htm,
,,,,,,1488813_FY2022_029,CUBI,2022,29,Risks Related to the Bancorp’s Banking Operations,"We may not be able to develop and retain a strong core deposit base and other low-cost, stable funding sources.","We depend on checking, savings and money market deposit account balances and other forms of customer deposits as a primary source of funding for our lending activities. We expect that our future loan growth will largely depend on our ability to retain and grow a strong, low-cost deposit base. As of December 31, 2022, $3.4 billion, or 79.8%, of our total time deposits, are scheduled to mature through December 31, 2023. We are working to transition certain of our customers to lower-cost traditional bank deposits as higher-cost funding, such as time deposits, mature and to grow our customer deposits. If interest rates continue to increase, whether due to changes in inflation, monetary policy, competition or other factors, we would expect to pay higher interest rates on deposits, which would increase our funding costs and compress our net interest margin. We may not succeed in moving our deposits to lower-yielding savings and transactions products, which could materially and adversely affect us. In addition, customers, particularly those who may maintain deposits in excess of insured limits, continue to be concerned about the extent to which their deposits are insured by the FDIC. Our customers may withdraw deposits to ensure that their deposits with us are fully insured and may place excess amounts in other institutions or make investments that are perceived as being more secure and/or higher yielding. Further, even if we are able to maintain and grow our deposit base, deposit balances can decrease when customers perceive alternative investments, such as the stock market, will provide a better risk/return tradeoff. If customers move money out of bank deposits, we could lose a relatively low-cost source of funds, increasing our funding costs and reducing our net interest income and net income. Certain deposit balances serviced by BM Technologies can vary over the course of the year based on student enrollment and the timing of deposits made into those accounts, with seasonal inflows at the start of each semester that are drawn down until the following semester. Additionally, any such loss of funds could result in lower loan originations and growth, which could materially and adversely affect our results of operations and financial condition, including liquidity. Customers held $1.1 billion and $1.8 billion of deposits serviced by BM Technologies as of December 31, 2022 and 2021, respectively. Customers currently expects that approximately half of these serviced deposits will leave Customers Bank by the earlier of BM Technologies' successful completion of the transfer of such deposits to a new sponsor bank or June 30, 2023. The deposit service agreement was scheduled to expire on December 31, 2022. On June 30, 2022, Customers provided a written notice to BM Technologies to terminate the deposit servicing agreement effective December 31, 2022. On November 7, 2022, Customers agreed to extend the deposit servicing agreement to the earlier of BM Technologies' successful completion of the transfer of the serviced deposits to a new sponsor bank or June 30, 2023. Customers and BM Technologies are currently negotiating an extension of this agreement with respect to the serviced deposits expected to remain at Customers Bank after June 30, 2023.",3401,1488813,https://www.sec.gov/Archives/edgar/data/1488813/000148881323000012/cubi-20221231.htm,
,,,,,,883948_FY2021_026,AUB,2021,26,Risks Related to the Company’s Operations,Difficulties in combining the operations of acquired entities with the Company’s own operations may prevent the Company from achieving the expected benefits from acquisitions.,"The Company may not be able to fully achieve the strategic objectives and operating efficiencies expected in an acquisition. Inherent uncertainties exist in integrating the operations of an acquired entity. In addition, the markets and industries in which the Company and its potential acquisition targets operate are highly competitive. The Company may lose its customers and/or key personnel, or those of acquired entities, as a result of an acquisition. The Company may also not be able to control the incremental increase in noninterest expense arising from an acquisition in a manner that improves its overall operating efficiencies. These factors could contribute to the Company not achieving the expected benefits from its acquisitions within desired time frames, if at all. Future business acquisitions (if any) could be material to the Company and it may issue additional shares of common stock to pay for those acquisitions, which would dilute current shareholders’ ownership interests. Acquisitions also could require the Company to use substantial cash, other liquid assets, or to incur debt; the Company could therefore become more susceptible to economic downturns and competitive pressures. Further, acquisitions typically involve the payment of a premium over book and market values and, therefore, some dilution of the Company’s tangible book value and net income per share of common stock may occur in connection with any future acquisitions.",1635,883948,https://www.sec.gov/Archives/edgar/data/883948/000155837022002183/aub-20211231x10k.htm,
,,,,,,1068851_FY2021_030,PB,2021,30,Risks,New lines of business or new products and services may subject the Company to additional risks.,"From time to time, the Company may implement or acquire new lines of business or offer new products and services within existing lines of business. There are substantial risks and uncertainties associated with these efforts, particularly in instances where the markets are not fully developed. In developing and marketing new lines of business and/or new products and services, the Company may invest significant time and resources. Initial timetables for the introduction and development of new lines of business and/or new products or services may not be achieved and price and profitability targets may not prove feasible. External factors, such as compliance with regulations, competitive alternatives and shifting market preferences, may also impact the successful implementation of a new line of business or a new product or service. Furthermore, any new line of business and/or new product or service could have a significant impact on the effectiveness of the Company’s system of internal controls. Failure to successfully manage these risks in the development and implementation of new lines of business or new products or services could have a material adverse effect on the Company’s business, financial condition and results of operations.",1346,1068851,https://www.sec.gov/Archives/edgar/data/1068851/000156459022007263/pb-10k_20211231.htm,
,,,,,,73124_FY2023_045,NTRS,2023,45,Strategic Risks,Failure to understand or appreciate fully the risks associated with development or delivery of new product and service offerings may affect our businesses and earnings negatively.,"The success of our innovation efforts depends, in part, on the successful implementation of new product and service initiatives. Not only must we keep pace with competitors in the development of these new offerings, but we must accurately price them (as well as existing products) on a risk-adjusted basis and deliver them to clients effectively. Our identification of risks arising from new products and services, both in their design and implementation, and effective responses to those identified risks, including pricing, is key to the success of our efforts at innovation and investment in new product and service offerings.",808,73124,https://www.sec.gov/Archives/edgar/data/73124/000007312424000073/ntrs-20231231.htm,
,,,,,,1504008_FY2025_026,BKU,2025,26,Operational Risk,"The soundness of other financial institutions, particularly our financial institution counterparties, could adversely affect us.","Our ability to engage in routine funding and other transactions could be adversely affected by the stability and actions of other financial services institutions. Financial services institutions are interrelated as a result of trading, clearing, servicing, counterparty, and other relationships. We have exposure to an increasing number of financial institutions and counterparties. These counterparties include institutions that may be exposed to various risks over which we have little or no control. Adverse developments affecting the overall strength and soundness of the financial services industry as a whole and third parties with whom we have important relationships could have a negative impact on our business even if we are not directly subject to the same adverse developments.",917,1504008,https://www.sec.gov/Archives/edgar/data/1504008/000150400826000011/bku-20251231.htm,
,,,,,,811830_FY2022_060,,2022,60,Financial Reporting and Control Risks,"Failure to satisfy obligations associated with public securities filings may have adverse regulatory, economic, and reputational consequences.","If we are not able to file our periodic reports within the time periods prescribed by the SEC, among other consequences, we would be unable to use Form S-3 registration statements until we have timely filed our SEC periodic reports for a period of 12 consecutive months. Our inability to use Form S-3 registration statements would increase the time and resources we need to spend if we choose to access the public capital markets.",572,811830,https://www.sec.gov/Archives/edgar/data/811830/000081183023000005/sov-20221231.htm,
,,,,,,811830_FY2022_056,,2022,56,Business and Industry Risks,"Our business and financial performance could be adversely affected, directly or indirectly, by disasters, natural or otherwise, terrorist activities or international hostilities.","Neither the occurrence nor potential impact of disasters (such as earthquakes, hurricanes, tornadoes, floods and other severe weather conditions, pandemics, and other significant public health emergencies, dislocations, fires, explosions, or other catastrophic accidents or events), terrorist activities or international hostilities can be predicted. However, these occurrences could impact us directly (for example, by causing significant damage to our facilities, preventing a subset of our employees from working for a prolonged period and otherwise preventing us from conducting our business in the ordinary course), or indirectly as a result of their impact on our borrowers, depositors, other customers, suppliers or other counterparties. We could also suffer adverse consequences to the extent that disasters, terrorist activities or international hostilities affect the financial markets or the economy in general or in any particular region. These types of impacts could lead, for example, to an increase in delinquencies, bankruptcies and defaults that could result in our experiencing higher levels of nonperforming assets, net charge-offs and provisions for credit losses. Our ability to mitigate the adverse consequences of such occurrences is in part dependent on the quality of our resiliency planning and our ability to anticipate the nature of any such event that may occur. The adverse impact of disasters, terrorist activities or international hostilities also could be increased to the extent that there is a lack of preparedness on the part of national or regional emergency responders or on the part of other organizations and businesses with which we deal.",1857,811830,https://www.sec.gov/Archives/edgar/data/811830/000081183023000005/sov-20221231.htm,
,,,,,,1281761_FY2022_003,RF,2022,3,Credit Risks,"If we experience greater credit losses in our loan portfolios than anticipated, our earnings may be materially adversely affected.","As a lender, we are exposed to the risk that our customers will be unable to repay their loans and leases according to their terms and that any collateral securing the payment of their loans and leases may not be sufficient to assure repayment. Credit losses are inherent in the business of making loans and could have a material adverse effect on our operating results. We make various assumptions and judgments about the collectability of our loan portfolio and provide an allowance for credit losses based on a number of factors. Our management periodically determines the allowance for credit losses based on available information, including the quality of the loan portfolio, the value of the underlying collateral and the level of non-accrual loans, taking into account relevant information about past events, current conditions and reasonable and supportable forecasts of future economic conditions that affect the collectability of our loan portfolio. Increases in the allowance will result in an expense for the period, thereby reducing our reported net income. If, as a result of general economic conditions, there is a decrease in asset quality or growth in the loan portfolio and management determines that additional increases in the allowance for credit losses are necessary, we may incur additional expenses which will reduce our net income, and our business, results of operations or financial condition may be materially adversely affected. Although our management will establish an allowance for credit losses it believes is appropriate to absorb expected credit losses over the life of loans in our loan portfolio, this allowance may not be adequate. For example, if a hurricane or other natural disaster were to occur in one of our principal markets or if economic conditions in those markets were to deteriorate unexpectedly, additional credit losses not incorporated in the existing allowance for credit losses may occur. Losses in excess of the existing allowance for credit losses will reduce our net income and could adversely affect our business, results of operations or financial condition, perhaps materially. In addition, bank regulatory agencies will periodically review our allowance for credit losses and the value attributed to non-accrual loans and to real estate acquired through foreclosure. Such regulatory agencies may require us to adjust our determination of the value for these items. These adjustments could materially adversely affect our business, results of operations or financial condition.",2668,1281761,https://www.sec.gov/Archives/edgar/data/1281761/000128176123000012/rf-20221231.htm,
,,,,,,49196_FY2024_026,HBAN,2024,26,Compliance Risks:,"We operate in a highly regulated industry, and the laws and regulations that govern our operations, corporate governance, executive compensation and financial accounting, or reporting, including changes in them, or our failure to comply with them, may adversely affect us and our business model.","The banking industry is highly regulated. We are subject to supervision, regulation, and examination by various federal and state regulators, including the Federal Reserve, OCC, SEC, CFPB, FDIC, FINRA, and various state regulatory agencies. The statutory and regulatory framework that governs us is generally intended to protect depositors and customers, the DIF, the U.S. banking and financial system, and financial markets as a whole - not to protect shareholders. These laws and regulations, many of which are discussed in Item 1: Business - “ Regulatory Matters ,” among other matters, prescribe minimum capital requirements, impose limitations on our business activities (including foreclosure and collection practices), limit the dividend or distributions that we can pay, restrict the ability of institutions to guarantee our debt, and impose certain specific accounting requirements that may be more restrictive and may result in greater or earlier charges to earnings or reductions in our capital than GAAP. Compliance with laws and regulations can be difficult and costly, and changes to laws and regulations often impose additional compliance costs. Such regulation and supervision may increase our costs and limit our ability to pursue business opportunities. Further, our failure to comply with these laws and regulations, even if the failure was inadvertent or reflects a difference in interpretation, could subject us to restrictions on our business activities, fines, and other penalties, any of which could adversely affect our results of operations, capital base, and the price of our securities. Further, any new laws, rules, and regulations could make compliance more difficult or expensive or otherwise adversely affect our business and financial condition.",2073,49196,https://www.sec.gov/Archives/edgar/data/49196/000004919625000020/hban-20241231.htm,
,,,,,,1331520_FY2022_011,HOMB,2022,11,Risks Related to Our Business,"Because we have a concentration of exposure to a number of individual borrowers, a significant loss on any of those loans could materially and adversely affect us.","We have a concentration of exposure to a number of individual borrowers. Under applicable law, our bank subsidiary is generally permitted to make loans to one borrowing relationship up to 20% of its Tier 1 capital plus the allowance for credit losses. As of December 31, 2022, the legal lending limit of our bank subsidiary for secured loans was approximately $539.7 million. Our board of directors has established an in-house lending limit of $40.0 million to any one borrowing relationship without obtaining the approval of two of the following: our Chairman, John W. Allison, our Vice Chairman, Jack E. Engelkes, or our director Richard H. Ashley. As of December 31, 2022, we had a total of $6.46 billion, or 44.8% of our total loans, committed to the aggregate group of borrowers whose total debt exceeds the established in-house lending limit of $40.0 million.",1028,1331520,https://www.sec.gov/Archives/edgar/data/1331520/000133152023000011/homb-20221231.htm,
