cik,ticker,name,fiscal_year,form,accession,filing_date,report_date,primary_document,is_inline_xbrl,reported_size_bytes,n_amendments,amendment_accessions
798941,FCNCA,FIRST CITIZENS BANCSHARES INC /DE/,2021,10-K,0000798941-22-000014,2022-02-25,2021-12-31,fcnca-20211231.htm,1,29646664,0,
798941,FCNCA,FIRST CITIZENS BANCSHARES INC /DE/,2022,10-K,0000798941-23-000017,2023-02-24,2022-12-31,fcnca-20221231.htm,1,35518715,0,
798941,FCNCA,FIRST CITIZENS BANCSHARES INC /DE/,2023,10-K,0000798941-24-000018,2024-02-23,2023-12-31,fcnca-20231231.htm,1,41503393,0,
798941,FCNCA,FIRST CITIZENS BANCSHARES INC /DE/,2024,10-K,0000798941-25-000010,2025-02-21,2024-12-31,fcnca-20241231.htm,1,41193098,0,
798941,FCNCA,FIRST CITIZENS BANCSHARES INC /DE/,2025,10-K,0000798941-26-000015,2026-02-24,2025-12-31,fcnca-20251231.htm,1,37207242,0,
759944,CFG,CITIZENS FINANCIAL GROUP INC/RI,2021,10-K,0000759944-22-000025,2022-02-23,2021-12-31,cfg-20211231.htm,1,33677822,0,
759944,CFG,CITIZENS FINANCIAL GROUP INC/RI,2022,10-K,0000759944-23-000029,2023-02-17,2022-12-31,cfg-20221231.htm,1,34596439,0,
759944,CFG,CITIZENS FINANCIAL GROUP INC/RI,2023,10-K,0000759944-24-000039,2024-02-16,2023-12-31,cfg-20231231.htm,1,33024505,0,
759944,CFG,CITIZENS FINANCIAL GROUP INC/RI,2024,10-K,0000759944-25-000013,2025-02-13,2024-12-31,cfg-20241231.htm,1,32325259,0,
759944,CFG,CITIZENS FINANCIAL GROUP INC/RI,2025,10-K,0000759944-26-000028,2026-02-12,2025-12-31,cfg-20251231.htm,1,32460337,0,
49196,HBAN,HUNTINGTON BANCSHARES INC /MD/,2021,10-K,0000049196-22-000023,2022-02-18,2021-12-31,hban-20211231.htm,1,38755771,0,
49196,HBAN,HUNTINGTON BANCSHARES INC /MD/,2022,10-K,0000049196-23-000020,2023-02-17,2022-12-31,hban-20221231.htm,1,37381679,0,
49196,HBAN,HUNTINGTON BANCSHARES INC /MD/,2023,10-K,0000049196-24-000020,2024-02-16,2023-12-31,hban-20231231.htm,1,34041061,0,
49196,HBAN,HUNTINGTON BANCSHARES INC /MD/,2024,10-K,0000049196-25-000020,2025-02-14,2024-12-31,hban-20241231.htm,1,36424667,0,
49196,HBAN,HUNTINGTON BANCSHARES INC /MD/,2025,10-K,0000049196-26-000015,2026-02-13,2025-12-31,hban-20251231.htm,1,47834807,0,
35527,FITB,FIFTH THIRD BANCORP,2021,10-K,0000035527-22-000119,2022-02-25,2021-12-31,fitb-20211231.htm,1,62606680,0,
35527,FITB,FIFTH THIRD BANCORP,2022,10-K,0000035527-23-000122,2023-02-24,2022-12-31,fitb-20221231.htm,1,70083139,0,
35527,FITB,FIFTH THIRD BANCORP,2023,10-K,0000035527-24-000088,2024-02-27,2023-12-31,fitb-20231231.htm,1,64354896,0,
35527,FITB,FIFTH THIRD BANCORP,2024,10-K,0000035527-25-000079,2025-02-24,2024-12-31,fitb-20241231.htm,1,73507110,0,
35527,FITB,FIFTH THIRD BANCORP,2025,10-K,0000035527-26-000124,2026-02-24,2025-12-31,fitb-20251231.htm,1,52244477,0,
36270,MTB,M&T BANK CORP,2021,10-K,0001564590-22-005400,2022-02-16,2021-12-31,mtb-10k_20211231.htm,1,78359315,0,
36270,MTB,M&T BANK CORP,2022,10-K,0000950170-23-003804,2023-02-22,2022-12-31,mtb-20221231.htm,1,87566366,0,
36270,MTB,M&T BANK CORP,2023,10-K,0000950170-24-017990,2024-02-21,2023-12-31,mtb-20231231.htm,1,57145812,0,
36270,MTB,M&T BANK CORP,2024,10-K,0001628280-25-006267,2025-02-19,2024-12-31,mtb-20241231.htm,1,34383884,0,
36270,MTB,M&T BANK CORP,2025,10-K,0000036270-26-000010,2026-02-18,2025-12-31,mtb-20251231.htm,1,34620893,0,
40729,ALLY,Ally Financial Inc.,2021,10-K,0000040729-22-000007,2022-02-25,2021-12-31,ally-20211231.htm,1,42876495,0,
40729,ALLY,Ally Financial Inc.,2022,10-K,0000040729-23-000005,2023-02-24,2022-12-31,ally-20221231.htm,1,44103337,0,
40729,ALLY,Ally Financial Inc.,2023,10-K,0000040729-24-000004,2024-02-20,2023-12-31,ally-20231231.htm,1,43263405,0,
40729,ALLY,Ally Financial Inc.,2024,10-K,0000040729-25-000006,2025-02-19,2024-12-31,ally-20241231.htm,1,46205613,0,
40729,ALLY,Ally Financial Inc.,2025,10-K,0000040729-26-000005,2026-02-25,2025-12-31,ally-20251231.htm,1,42222853,0,
91576,KEY,KEYCORP /NEW/,2021,10-K,0000091576-22-000029,2022-02-22,2021-12-31,key-20211231.htm,1,46896919,0,
91576,KEY,KEYCORP /NEW/,2022,10-K,0000091576-23-000026,2023-02-22,2022-12-31,key-20221231.htm,1,46942401,0,
91576,KEY,KEYCORP /NEW/,2023,10-K,0000091576-24-000040,2024-02-22,2023-12-31,key-20231231.htm,1,44232181,0,
91576,KEY,KEYCORP /NEW/,2024,10-K,0000091576-25-000038,2025-02-21,2024-12-31,key-20241231.htm,1,43676112,0,
91576,KEY,KEYCORP /NEW/,2025,10-K,0001628280-26-010546,2026-02-23,2025-12-31,key-20251231.htm,1,41032893,0,
73124,NTRS,NORTHERN TRUST CORP,2021,10-K,0000073124-22-000071,2022-02-28,2021-12-31,ntrs-20211231.htm,1,41259034,0,
73124,NTRS,NORTHERN TRUST CORP,2022,10-K,0000073124-23-000049,2023-02-28,2022-12-31,ntrs-20221231.htm,1,40954347,0,
73124,NTRS,NORTHERN TRUST CORP,2023,10-K,0000073124-24-000073,2024-02-27,2023-12-31,ntrs-20231231.htm,1,37267535,0,
73124,NTRS,NORTHERN TRUST CORP,2024,10-K,0000073124-25-000105,2025-02-24,2024-12-31,ntrs-20241231.htm,1,36972209,0,
73124,NTRS,NORTHERN TRUST CORP,2025,10-K,0000073124-26-000016,2026-02-24,2025-12-31,ntrs-20251231.htm,1,37167370,0,
83246,,HSBC USA INC /MD/,2021,10-K,0000083246-22-000004,2022-02-22,2021-12-31,hsbcusa-20211231.htm,1,51054531,0,
83246,,HSBC USA INC /MD/,2022,10-K,0000083246-23-000004,2023-02-21,2022-12-31,hsbcusa-20221231.htm,1,49858759,0,
83246,,HSBC USA INC /MD/,2023,10-K,0000083246-24-000004,2024-02-21,2023-12-31,hsbcusa-20231231.htm,1,46806471,0,
83246,,HSBC USA INC /MD/,2024,10-K,0000083246-25-000007,2025-02-19,2024-12-31,hsbcusa-20241231.htm,1,47266832,0,
83246,,HSBC USA INC /MD/,2025,10-K,0000083246-26-000005,2026-02-25,2025-12-31,hsbcusa-20251231.htm,1,34675600,0,
811830,,"Santander Holdings USA, Inc.",2021,10-K,0000811830-22-000016,2022-03-07,2021-12-31,sov-20211231.htm,1,47366833,0,
811830,,"Santander Holdings USA, Inc.",2022,10-K,0000811830-23-000005,2023-03-03,2022-12-31,sov-20221231.htm,1,42986644,0,
811830,,"Santander Holdings USA, Inc.",2023,10-K,0000811830-24-000010,2024-03-04,2023-12-31,sov-20231231.htm,1,39671097,0,
811830,,"Santander Holdings USA, Inc.",2024,10-K,0000811830-25-000012,2025-03-03,2024-12-31,sov-20241231.htm,1,40371153,0,
811830,,"Santander Holdings USA, Inc.",2025,10-K,0000811830-26-000005,2026-03-02,2025-12-31,sov-20251231.htm,1,40780444,0,
1281761,RF,REGIONS FINANCIAL CORP,2021,10-K,0001281761-22-000016,2022-02-24,2021-12-31,rf-20211231.htm,1,40069262,0,
1281761,RF,REGIONS FINANCIAL CORP,2022,10-K,0001281761-23-000012,2023-02-24,2022-12-31,rf-20221231.htm,1,39446401,0,
1281761,RF,REGIONS FINANCIAL CORP,2023,10-K,0001281761-24-000010,2024-02-23,2023-12-31,rf-20231231.htm,1,36056146,0,
1281761,RF,REGIONS FINANCIAL CORP,2024,10-K,0001281761-25-000010,2025-02-21,2024-12-31,rf-20241231.htm,1,38674600,0,
1281761,RF,REGIONS FINANCIAL CORP,2025,10-K,0001281761-26-000019,2026-02-24,2025-12-31,rf-20251231.htm,1,35482475,0,
1212545,WAL,WESTERN ALLIANCE BANCORPORATION,2021,10-K,0001212545-22-000090,2022-02-25,2021-12-31,wal-20211231.htm,1,29832282,0,
1212545,WAL,WESTERN ALLIANCE BANCORPORATION,2022,10-K,0001212545-23-000093,2023-02-23,2022-12-31,wal-20221231.htm,1,30449602,0,
1212545,WAL,WESTERN ALLIANCE BANCORPORATION,2023,10-K,0001212545-24-000092,2024-02-28,2023-12-31,wal-20231231.htm,1,35265263,0,
1212545,WAL,WESTERN ALLIANCE BANCORPORATION,2024,10-K,0001212545-25-000090,2025-02-25,2024-12-31,wal-20241231.htm,1,35559063,0,
1212545,WAL,WESTERN ALLIANCE BANCORPORATION,2025,10-K,0001628280-26-010336,2026-02-23,2025-12-31,wal-20251231.htm,1,36894746,0,
109380,ZION,"ZIONS BANCORPORATION, NATIONAL ASSOCIATION /UT/",2021,10-K,0000109380-22-000072,2022-02-25,2021-12-31,zions-20211231.htm,1,37317943,0,
109380,ZION,"ZIONS BANCORPORATION, NATIONAL ASSOCIATION /UT/",2022,10-K,0000109380-23-000074,2023-02-23,2022-12-31,zions-20221231.htm,1,36298738,0,
109380,ZION,"ZIONS BANCORPORATION, NATIONAL ASSOCIATION /UT/",2023,10-K,0000109380-24-000061,2024-02-23,2023-12-31,zions-20231231.htm,1,33906295,0,
109380,ZION,"ZIONS BANCORPORATION, NATIONAL ASSOCIATION /UT/",2024,10-K,0000109380-25-000040,2025-02-25,2024-12-31,zions-20241231.htm,1,35871209,0,
109380,ZION,"ZIONS BANCORPORATION, NATIONAL ASSOCIATION /UT/",2025,10-K,0000109380-26-000046,2026-02-24,2025-12-31,zions-20251231.htm,1,36077883,0,
910073,FLG,"FLAGSTAR BANK, NATIONAL ASSOCIATION",2021,10-K,0000950170-22-002118,2022-02-25,2021-12-31,nycb-20211231.htm,1,41793966,0,
910073,FLG,"FLAGSTAR BANK, NATIONAL ASSOCIATION",2022,10-K,0000950170-23-005505,2023-03-01,2022-12-31,nycb-20221231.htm,1,50843729,0,
910073,FLG,"FLAGSTAR BANK, NATIONAL ASSOCIATION",2023,10-K,0000910073-24-000077,2024-03-14,2023-12-31,fbc-20231231.htm,1,30705503,1,0000910073-24-000081
910073,FLG,"FLAGSTAR BANK, NATIONAL ASSOCIATION",2024,10-K,0000910073-25-000038,2025-03-04,2024-12-31,fbc-20241231.htm,1,42685316,0,
910073,FLG,"FLAGSTAR BANK, NATIONAL ASSOCIATION",2025,10-K,0000910073-26-000025,2026-02-27,2025-12-31,fbc-20251231.htm,1,59168363,0,
801337,WBS,WEBSTER FINANCIAL CORP,2021,10-K,0000801337-22-000011,2022-02-25,2021-12-31,wbs-20211231.htm,1,30102607,0,
801337,WBS,WEBSTER FINANCIAL CORP,2022,10-K,0000801337-23-000013,2023-03-10,2022-12-31,wbs-20221231.htm,1,34540577,0,
801337,WBS,WEBSTER FINANCIAL CORP,2023,10-K,0000801337-24-000007,2024-02-27,2023-12-31,wbs-20231231.htm,1,35476699,0,
801337,WBS,WEBSTER FINANCIAL CORP,2024,10-K,0000801337-25-000004,2025-03-03,2024-12-31,wbs-20241231.htm,1,33834185,0,
801337,WBS,WEBSTER FINANCIAL CORP,2025,10-K,0000801337-26-000008,2026-02-27,2025-12-31,wbs-20251231.htm,1,37732864,1,0000801337-26-000011
36966,FHN,FIRST HORIZON CORP,2021,10-K,0000036966-22-000015,2022-03-01,2021-12-31,fhn-20211231.htm,1,43406495,1,0000036966-22-000019
36966,FHN,FIRST HORIZON CORP,2022,10-K,0000036966-23-000016,2023-03-01,2022-12-31,fhn-20221231.htm,1,41879676,0,
36966,FHN,FIRST HORIZON CORP,2023,10-K,0000036966-24-000015,2024-02-23,2023-12-31,fhn-20231231.htm,1,39319474,0,
36966,FHN,FIRST HORIZON CORP,2024,10-K,0000036966-25-000024,2025-02-27,2024-12-31,fhn-20241231.htm,1,39699510,0,
36966,FHN,FIRST HORIZON CORP,2025,10-K,0000036966-26-000051,2026-02-26,2025-12-31,fhn-20251231.htm,1,40156172,0,
1069157,EWBC,EAST WEST BANCORP INC,2021,10-K,0001069157-22-000031,2022-02-28,2021-12-31,ewbc-20211231.htm,1,36404414,0,
1069157,EWBC,EAST WEST BANCORP INC,2022,10-K,0001069157-23-000016,2023-02-27,2022-12-31,ewbc-20221231.htm,1,36735464,0,
1069157,EWBC,EAST WEST BANCORP INC,2023,10-K,0001069157-24-000020,2024-02-29,2023-12-31,ewbc-20231231.htm,1,35761436,0,
1069157,EWBC,EAST WEST BANCORP INC,2024,10-K,0001069157-25-000025,2025-02-28,2024-12-31,ewbc-20241231.htm,1,36809142,0,
1069157,EWBC,EAST WEST BANCORP INC,2025,10-K,0001069157-26-000009,2026-02-27,2025-12-31,ewbc-20251231.htm,1,41356947,0,
763901,BPOP,"POPULAR, INC.",2021,10-K,0001193125-22-060953,2022-03-01,2021-12-31,d192149d10k.htm,1,101455567,0,
763901,BPOP,"POPULAR, INC.",2022,10-K,0001193125-23-056454,2023-03-01,2022-12-31,d408943d10k.htm,1,57386412,0,
763901,BPOP,"POPULAR, INC.",2023,10-K,0001193125-24-053017,2024-02-29,2023-12-31,d52551d10k.htm,1,59593856,0,
763901,BPOP,"POPULAR, INC.",2024,10-K,0001193125-25-043848,2025-03-03,2024-12-31,d924089d10k.htm,1,91901028,0,
763901,BPOP,"POPULAR, INC.",2025,10-K,0001193125-26-085756,2026-03-02,2025-12-31,d17859d10k.htm,1,93600545,0,
101382,UMBF,UMB FINANCIAL CORP,2021,10-K,0001564590-22-006546,2022-02-24,2021-12-31,umbf-10k_20211231.htm,1,66044444,0,
101382,UMBF,UMB FINANCIAL CORP,2022,10-K,0001564590-23-002256,2023-02-23,2022-12-31,umbf-10k_20221231.htm,1,67054709,0,
101382,UMBF,UMB FINANCIAL CORP,2023,10-K,0000950170-24-018456,2024-02-22,2023-12-31,umbf-20231231.htm,1,47263545,0,
101382,UMBF,UMB FINANCIAL CORP,2024,10-K,0000950170-25-028420,2025-02-27,2024-12-31,umbf-20241231.htm,1,59533423,0,
101382,UMBF,UMB FINANCIAL CORP,2025,10-K,0001193125-26-076496,2026-02-26,2025-12-31,umbf-20251231.htm,1,67115434,0,
707179,ONB,OLD NATIONAL BANCORP /IN/,2021,10-K,0000707179-22-000013,2022-02-10,2021-12-31,onb-20211231.htm,1,28694041,0,
707179,ONB,OLD NATIONAL BANCORP /IN/,2022,10-K,0000707179-23-000008,2023-02-22,2022-12-31,onb-20221231.htm,1,32073161,0,
707179,ONB,OLD NATIONAL BANCORP /IN/,2023,10-K,0000707179-24-000006,2024-02-22,2023-12-31,onb-20231231.htm,1,27526126,1,0000707179-24-000018
707179,ONB,OLD NATIONAL BANCORP /IN/,2024,10-K,0000707179-25-000005,2025-02-19,2024-12-31,onb-20241231.htm,1,28908673,0,
707179,ONB,OLD NATIONAL BANCORP /IN/,2025,10-K,0000707179-26-000010,2026-02-19,2025-12-31,onb-20251231.htm,1,29363804,0,
1015328,WTFC,WINTRUST FINANCIAL CORP,2021,10-K,0001015328-22-000057,2022-02-25,2021-12-31,wtfc-20211231.htm,1,36872281,0,
1015328,WTFC,WINTRUST FINANCIAL CORP,2022,10-K,0001015328-23-000070,2023-02-28,2022-12-31,wtfc-20221231.htm,1,36582872,0,
1015328,WTFC,WINTRUST FINANCIAL CORP,2023,10-K,0001015328-24-000083,2024-02-28,2023-12-31,wtfc-20231231.htm,1,33949330,0,
1015328,WTFC,WINTRUST FINANCIAL CORP,2024,10-K,0001015328-25-000093,2025-02-28,2024-12-31,wtfc-20241231.htm,1,34476873,0,
1015328,WTFC,WINTRUST FINANCIAL CORP,2025,10-K,0001015328-26-000007,2026-02-26,2025-12-31,wtfc-20251231.htm,1,33588918,0,
764038,SSB,SouthState Bank Corp,2021,10-K,0001558370-22-002075,2022-02-25,2021-12-31,ssb-20211231x10k.htm,1,54713775,0,
764038,SSB,SouthState Bank Corp,2022,10-K,0001558370-23-002028,2023-02-24,2022-12-31,ssb-20221231x10k.htm,1,52545285,0,
764038,SSB,SouthState Bank Corp,2023,10-K,0001558370-24-002302,2024-03-04,2023-12-31,ssb-20231231x10k.htm,1,55455030,0,
764038,SSB,SouthState Bank Corp,2024,10-K,0001558370-25-001274,2025-02-21,2024-12-31,ssb-20241231x10k.htm,1,54074104,0,
764038,SSB,SouthState Bank Corp,2025,10-K,0001104659-26-017884,2026-02-20,2025-12-31,ssb-20251231x10k.htm,1,60033462,0,
887343,COLB,"COLUMBIA BANKING SYSTEM, INC.",2021,10-K,0000887343-22-000038,2022-02-25,2021-12-31,colb-20211231.htm,1,24889386,0,
887343,COLB,"COLUMBIA BANKING SYSTEM, INC.",2022,10-K,0000887343-23-000072,2023-02-24,2022-12-31,colb-20221231.htm,1,25384237,0,
887343,COLB,"COLUMBIA BANKING SYSTEM, INC.",2023,10-K,0000887343-24-000089,2024-02-27,2023-12-31,colb-20231231.htm,1,27451023,0,
887343,COLB,"COLUMBIA BANKING SYSTEM, INC.",2024,10-K,0000887343-25-000054,2025-02-25,2024-12-31,colb-20241231.htm,1,31325113,0,
887343,COLB,"COLUMBIA BANKING SYSTEM, INC.",2025,10-K,0000887343-26-000088,2026-02-26,2025-12-31,colb-20251231.htm,1,30971186,0,
714310,VLY,VALLEY NATIONAL BANCORP,2021,10-K,0000714310-22-000063,2022-02-28,2021-12-31,vly-20211231.htm,1,33081713,0,
714310,VLY,VALLEY NATIONAL BANCORP,2022,10-K,0000714310-23-000043,2023-03-01,2022-12-31,vly-20221231.htm,1,33632955,0,
714310,VLY,VALLEY NATIONAL BANCORP,2023,10-K,0000714310-24-000065,2024-02-29,2023-12-31,vly-20231231.htm,1,32214244,0,
714310,VLY,VALLEY NATIONAL BANCORP,2024,10-K,0000714310-25-000068,2025-02-28,2024-12-31,vly-20241231.htm,1,33563115,0,
714310,VLY,VALLEY NATIONAL BANCORP,2025,10-K,0000714310-26-000017,2026-02-27,2025-12-31,vly-20251231.htm,1,31433667,0,
39263,CFR,"CULLEN/FROST BANKERS, INC.",2021,10-K,0000039263-22-000008,2022-02-04,2021-12-31,cfr-20211231.htm,1,31782278,0,
39263,CFR,"CULLEN/FROST BANKERS, INC.",2022,10-K,0000039263-23-000008,2023-02-03,2022-12-31,cfr-20221231.htm,1,31645543,0,
39263,CFR,"CULLEN/FROST BANKERS, INC.",2023,10-K,0000039263-24-000013,2024-02-06,2023-12-31,cfr-20231231.htm,1,28414517,0,
39263,CFR,"CULLEN/FROST BANKERS, INC.",2024,10-K,0000039263-25-000017,2025-02-06,2024-12-31,cfr-20241231.htm,1,28848809,0,
39263,CFR,"CULLEN/FROST BANKERS, INC.",2025,10-K,0000039263-26-000011,2026-02-05,2025-12-31,cfr-20251231.htm,1,29622673,0,
875357,BOKF,BOK FINANCIAL CORP,2021,10-K,0000875357-22-000013,2022-02-23,2021-12-31,bokf-20211231.htm,1,36862481,0,
875357,BOKF,BOK FINANCIAL CORP,2022,10-K,0000875357-23-000009,2023-03-01,2022-12-31,bokf-20221231.htm,1,36919146,0,
875357,BOKF,BOK FINANCIAL CORP,2023,10-K,0000875357-24-000008,2024-02-21,2023-12-31,bokf-20231231.htm,1,32848053,0,
875357,BOKF,BOK FINANCIAL CORP,2024,10-K,0000875357-25-000013,2025-02-19,2024-12-31,bokf-20241231.htm,1,32935174,0,
875357,BOKF,BOK FINANCIAL CORP,2025,10-K,0000875357-26-000013,2026-02-18,2025-12-31,bokf-20251231.htm,1,54244003,0,
37808,FNB,FNB CORP/PA/,2021,10-K,0000037808-22-000005,2022-02-24,2021-12-31,fnb-20211231.htm,1,32223781,0,
37808,FNB,FNB CORP/PA/,2022,10-K,0000037808-23-000005,2023-02-24,2022-12-31,fnb-20221231.htm,1,33950525,0,
37808,FNB,FNB CORP/PA/,2023,10-K,0000037808-24-000006,2024-02-26,2023-12-31,fnb-20231231.htm,1,44167626,0,
37808,FNB,FNB CORP/PA/,2024,10-K,0000037808-25-000071,2025-02-27,2024-12-31,fnb-20241231.htm,1,47148428,0,
37808,FNB,FNB CORP/PA/,2025,10-K,0000037808-26-000007,2026-02-24,2025-12-31,fnb-20251231.htm,1,32135324,0,
7789,ASB,ASSOCIATED BANC-CORP,2021,10-K,0000007789-22-000007,2022-02-08,2021-12-31,asb-20211231.htm,1,47648184,0,
7789,ASB,ASSOCIATED BANC-CORP,2022,10-K,0000007789-23-000013,2023-02-13,2022-12-31,asb-20221231.htm,1,42704353,0,
7789,ASB,ASSOCIATED BANC-CORP,2023,10-K,0000007789-24-000009,2024-02-08,2023-12-31,asb-20231231.htm,1,40143102,0,
7789,ASB,ASSOCIATED BANC-CORP,2024,10-K,0000007789-25-000013,2025-02-12,2024-12-31,asb-20241231.htm,1,43331989,0,
7789,ASB,ASSOCIATED BANC-CORP,2025,10-K,0000007789-26-000071,2026-02-12,2025-12-31,asb-20251231.htm,1,39055648,0,
1068851,PB,PROSPERITY BANCSHARES INC,2021,10-K,0001564590-22-007263,2022-02-28,2021-12-31,pb-10k_20211231.htm,1,42350310,0,
1068851,PB,PROSPERITY BANCSHARES INC,2022,10-K,0000950170-23-004425,2023-02-27,2022-12-31,pb-20221231.htm,1,44658318,0,
1068851,PB,PROSPERITY BANCSHARES INC,2023,10-K,0000950170-24-022171,2024-02-28,2023-12-31,pb-20231231.htm,1,33008050,0,
1068851,PB,PROSPERITY BANCSHARES INC,2024,10-K,0000950170-25-029222,2025-02-27,2024-12-31,pb-20241231.htm,1,39240358,0,
1068851,PB,PROSPERITY BANCSHARES INC,2025,10-K,0001193125-26-077437,2026-02-26,2025-12-31,pb-20251231.htm,1,44521242,0,
883948,AUB,Atlantic Union Bankshares Corp,2021,10-K,0001558370-22-002183,2022-02-25,2021-12-31,aub-20211231x10k.htm,1,41541726,0,
883948,AUB,Atlantic Union Bankshares Corp,2022,10-K,0000883948-23-000027,2023-02-24,2022-12-31,aub-20221231x10k.htm,1,39998742,0,
883948,AUB,Atlantic Union Bankshares Corp,2023,10-K,0000883948-24-000030,2024-02-22,2023-12-31,aub-20231231x10k.htm,1,40417748,0,
883948,AUB,Atlantic Union Bankshares Corp,2024,10-K,0000883948-25-000021,2025-02-27,2024-12-31,aub-20241231x10k.htm,1,44115907,0,
883948,AUB,Atlantic Union Bankshares Corp,2025,10-K,0000883948-26-000021,2026-02-26,2025-12-31,aub-20251231x10k.htm,1,46318882,0,
750577,HWC,HANCOCK WHITNEY CORP,2021,10-K,0001564590-22-007023,2022-02-25,2021-12-31,hwc-10k_20211231.htm,1,54914280,0,
750577,HWC,HANCOCK WHITNEY CORP,2022,10-K,0000950170-23-004433,2023-02-27,2022-12-31,hwc-20221231.htm,1,49649926,0,
750577,HWC,HANCOCK WHITNEY CORP,2023,10-K,0000950170-24-022252,2024-02-28,2023-12-31,hwc-20231231.htm,1,37071108,0,
750577,HWC,HANCOCK WHITNEY CORP,2024,10-K,0000950170-25-028009,2025-02-27,2024-12-31,hwc-20241231.htm,1,43102854,0,
750577,HWC,HANCOCK WHITNEY CORP,2025,10-K,0001193125-26-077903,2026-02-27,2025-12-31,hwc-20251231.htm,1,47457422,0,
1504008,BKU,"BankUnited, Inc.",2021,10-K,0001504008-22-000009,2022-02-24,2021-12-31,bku-20211231.htm,1,29927209,0,
1504008,BKU,"BankUnited, Inc.",2022,10-K,0001504008-23-000007,2023-02-22,2022-12-31,bku-20221231.htm,1,36816666,0,
1504008,BKU,"BankUnited, Inc.",2023,10-K,0001504008-24-000006,2024-02-20,2023-12-31,bku-20231231.htm,1,29656730,0,
1504008,BKU,"BankUnited, Inc.",2024,10-K,0001504008-25-000005,2025-02-28,2024-12-31,bku-20241231.htm,1,29892611,0,
1504008,BKU,"BankUnited, Inc.",2025,10-K,0001504008-26-000011,2026-02-26,2025-12-31,bku-20251231.htm,1,27142031,0,
1169770,BANC,"BANC OF CALIFORNIA, INC.",2021,10-K,0001169770-22-000011,2022-03-01,2021-12-31,banc-20211231.htm,1,33761670,0,
1169770,BANC,"BANC OF CALIFORNIA, INC.",2022,10-K,0001169770-23-000021,2023-02-27,2022-12-31,banc-20221231.htm,1,33147825,0,
1169770,BANC,"BANC OF CALIFORNIA, INC.",2023,10-K,0001628280-24-007933,2024-02-29,2023-12-31,banc-20231231.htm,1,42807749,0,
1169770,BANC,"BANC OF CALIFORNIA, INC.",2024,10-K,0001628280-25-009438,2025-03-03,2024-12-31,banc-20241231.htm,1,43180623,0,
1169770,BANC,"BANC OF CALIFORNIA, INC.",2025,10-K,0001628280-26-012946,2026-02-27,2025-12-31,banc-20251231.htm,1,41144543,0,
729986,UBSI,UNITED BANKSHARES INC/WV,2021,10-K,0001193125-22-061038,2022-03-01,2021-12-31,d233531d10k.htm,1,35573391,0,
729986,UBSI,UNITED BANKSHARES INC/WV,2022,10-K,0001193125-23-056045,2023-03-01,2022-12-31,d426237d10k.htm,1,30139623,0,
729986,UBSI,UNITED BANKSHARES INC/WV,2023,10-K,0001193125-24-053462,2024-02-29,2023-12-31,d815282d10k.htm,1,29706150,0,
729986,UBSI,UNITED BANKSHARES INC/WV,2024,10-K,0001193125-25-042589,2025-02-28,2024-12-31,d915367d10k.htm,1,34121902,0,
729986,UBSI,UNITED BANKSHARES INC/WV,2025,10-K,0001193125-26-081470,2026-02-27,2025-12-31,d90970d10k.htm,1,33871193,0,
22356,CBSH,COMMERCE BANCSHARES INC /MO/,2021,10-K,0000022356-22-000014,2022-02-23,2021-12-31,cbsh-20211231.htm,1,33083948,0,
22356,CBSH,COMMERCE BANCSHARES INC /MO/,2022,10-K,0000022356-23-000017,2023-02-22,2022-12-31,cbsh-20221231.htm,1,32869358,0,
22356,CBSH,COMMERCE BANCSHARES INC /MO/,2023,10-K,0000022356-24-000013,2024-02-22,2023-12-31,cbsh-20231231.htm,1,30328720,0,
22356,CBSH,COMMERCE BANCSHARES INC /MO/,2024,10-K,0000022356-25-000016,2025-02-25,2024-12-31,cbsh-20241231.htm,1,33351819,0,
22356,CBSH,COMMERCE BANCSHARES INC /MO/,2025,10-K,0000022356-26-000069,2026-02-24,2025-12-31,cbsh-20251231.htm,1,30835141,0,
700564,FULT,FULTON FINANCIAL CORP,2021,10-K,0000700564-22-000010,2022-02-28,2021-12-31,fult-20211231.htm,1,31538453,0,
700564,FULT,FULTON FINANCIAL CORP,2022,10-K,0000700564-23-000015,2023-03-01,2022-12-31,fult-20221231.htm,1,32978222,0,
700564,FULT,FULTON FINANCIAL CORP,2023,10-K,0000700564-24-000012,2024-03-01,2023-12-31,fult-20231231.htm,1,26107212,0,
700564,FULT,FULTON FINANCIAL CORP,2024,10-K,0000700564-25-000014,2025-02-28,2024-12-31,fult-20241231.htm,1,28219635,0,
700564,FULT,FULTON FINANCIAL CORP,2025,10-K,0000700564-26-000006,2026-02-27,2025-12-31,fult-20251231.htm,1,30443438,0,
868671,GBCI,"GLACIER BANCORP, INC.",2021,10-K,0000868671-22-000053,2022-02-23,2021-12-31,gbci-20211231.htm,1,23677074,0,
868671,GBCI,"GLACIER BANCORP, INC.",2022,10-K,0000868671-23-000045,2023-02-24,2022-12-31,gbci-20221231.htm,1,22406375,0,
868671,GBCI,"GLACIER BANCORP, INC.",2023,10-K,0000868671-24-000042,2024-02-23,2023-12-31,gbci-20231231.htm,1,21879241,0,
868671,GBCI,"GLACIER BANCORP, INC.",2024,10-K,0000868671-25-000046,2025-02-25,2024-12-31,gbci-20241231.htm,1,35778866,0,
868671,GBCI,"GLACIER BANCORP, INC.",2025,10-K,0000868671-26-000023,2026-02-25,2025-12-31,gbci-20251231.htm,1,22624616,0,
1077428,TCBI,TEXAS CAPITAL BANCSHARES INC/TX,2021,10-K,0001077428-22-000012,2022-02-09,2021-12-31,tcbi-20211231.htm,1,21929431,0,
1077428,TCBI,TEXAS CAPITAL BANCSHARES INC/TX,2022,10-K,0001077428-23-000014,2023-02-09,2022-12-31,tcbi-20221231.htm,1,20454107,0,
1077428,TCBI,TEXAS CAPITAL BANCSHARES INC/TX,2023,10-K,0001077428-24-000040,2024-02-13,2023-12-31,tcbi-20231231.htm,1,17950764,0,
1077428,TCBI,TEXAS CAPITAL BANCSHARES INC/TX,2024,10-K,0001077428-25-000036,2025-02-11,2024-12-31,tcbi-20241231.htm,1,18099102,0,
1077428,TCBI,TEXAS CAPITAL BANCSHARES INC/TX,2025,10-K,0001077428-26-000010,2026-02-10,2025-12-31,tcbi-20251231.htm,1,17773783,0,
1810546,EBC,"Eastern Bankshares, Inc.",2021,10-K,0001628280-22-004022,2022-02-25,2021-12-31,ebc-20211231.htm,1,31702433,0,
1810546,EBC,"Eastern Bankshares, Inc.",2022,10-K,0001628280-23-005001,2023-02-24,2022-12-31,ebc-20221231.htm,1,37523891,0,
1810546,EBC,"Eastern Bankshares, Inc.",2023,10-K,0001628280-24-006922,2024-02-26,2023-12-31,ebc-20231231.htm,1,39868471,0,
1810546,EBC,"Eastern Bankshares, Inc.",2024,10-K,0001628280-25-008583,2025-02-27,2024-12-31,ebc-20241231.htm,1,37527694,0,
1810546,EBC,"Eastern Bankshares, Inc.",2025,10-K,0001628280-26-013126,2026-03-02,2025-12-31,ebc-20251231.htm,1,33757892,0,
857855,UCB,UNITED COMMUNITY BANKS INC,2021,10-K,0000857855-22-000006,2022-02-25,2021-12-31,ucbi-20211231.htm,1,31135779,0,
857855,UCB,UNITED COMMUNITY BANKS INC,2022,10-K,0000857855-23-000005,2023-02-24,2022-12-31,ucbi-20221231.htm,1,33874232,0,
857855,UCB,UNITED COMMUNITY BANKS INC,2023,10-K,0000857855-24-000010,2024-02-23,2023-12-31,ucbi-20231231.htm,1,30800061,0,
857855,UCB,UNITED COMMUNITY BANKS INC,2024,10-K,0000857855-25-000057,2025-02-27,2024-12-31,ucbi-20241231.htm,1,34287843,0,
857855,UCB,UNITED COMMUNITY BANKS INC,2025,10-K,0000857855-26-000008,2026-02-17,2025-12-31,ucbi-20251231.htm,1,33652550,0,
203596,WSBC,WESBANCO INC,2021,10-K,0000950170-22-002226,2022-02-28,2021-12-31,wsbc-20211231.htm,1,60489731,0,
203596,WSBC,WESBANCO INC,2022,10-K,0000950170-23-004507,2023-02-27,2022-12-31,wsbc-20221231.htm,1,64062123,0,
203596,WSBC,WESBANCO INC,2023,10-K,0000950170-24-020323,2024-02-26,2023-12-31,wsbc-20231231.htm,1,45560443,0,
203596,WSBC,WESBANCO INC,2024,10-K,0000950170-25-030795,2025-03-03,2024-12-31,wsbc-20241231.htm,1,60333689,0,
203596,WSBC,WESBANCO INC,2025,10-K,0001193125-26-085463,2026-03-02,2025-12-31,wsbc-20251231.htm,1,65021837,0,
351569,ABCB,Ameris Bancorp,2021,10-K,0000351569-22-000005,2022-02-28,2021-12-31,abcb-20211231.htm,1,33389133,0,
351569,ABCB,Ameris Bancorp,2022,10-K,0000351569-23-000005,2023-02-28,2022-12-31,abcb-20221231.htm,1,31573558,0,
351569,ABCB,Ameris Bancorp,2023,10-K,0000351569-24-000006,2024-02-28,2023-12-31,abcb-20231231.htm,1,28523134,0,
351569,ABCB,Ameris Bancorp,2024,10-K,0000351569-25-000006,2025-02-28,2024-12-31,abcb-20241231.htm,1,28139756,0,
351569,ABCB,Ameris Bancorp,2025,10-K,0000351569-26-000050,2026-02-26,2025-12-31,abcb-20251231.htm,1,28012921,0,
936528,WAFD,WAFD INC,2021,10-K,0000936528-21-000122,2021-11-19,2021-09-30,wfsl-20210930.htm,1,36959693,0,
936528,WAFD,WAFD INC,2022,10-K,0000936528-22-000143,2022-11-18,2022-09-30,wfsl-20220930.htm,1,27472680,0,
936528,WAFD,WAFD INC,2023,10-K,0000936528-23-000207,2023-11-17,2023-09-30,wfsl-20230930.htm,1,45006026,0,
936528,WAFD,WAFD INC,2024,10-K,0000936528-24-000164,2024-11-20,2024-09-30,wfsl-20240930.htm,1,37133463,0,
936528,WAFD,WAFD INC,2025,10-K,0000936528-25-000117,2025-11-18,2025-09-30,wfsl-20250930.htm,1,49378495,0,
715072,RNST,RENASANT CORP,2021,10-K,0000715072-22-000091,2022-02-25,2021-12-31,rnst-20211231.htm,1,50296935,0,
715072,RNST,RENASANT CORP,2022,10-K,0000715072-23-000054,2023-02-24,2022-12-31,rnst-20221231.htm,1,35129696,0,
715072,RNST,RENASANT CORP,2023,10-K,0000715072-24-000042,2024-02-23,2023-12-31,rnst-20231231.htm,1,33629548,0,
715072,RNST,RENASANT CORP,2024,10-K,0000715072-25-000054,2025-02-26,2024-12-31,rnst-20241231.htm,1,33862163,0,
715072,RNST,RENASANT CORP,2025,10-K,0000715072-26-000017,2026-03-02,2025-12-31,rnst-20251231.htm,1,34625365,1,0000715072-26-000063
860413,FIBK,FIRST INTERSTATE BANCSYSTEM INC,2021,10-K,0000860413-22-000065,2022-02-25,2021-12-31,fibk-20211231.htm,1,27774793,0,
860413,FIBK,FIRST INTERSTATE BANCSYSTEM INC,2022,10-K,0000860413-23-000045,2023-02-24,2022-12-31,fibk-20221231.htm,1,32924099,0,
860413,FIBK,FIRST INTERSTATE BANCSYSTEM INC,2023,10-K,0000860413-24-000016,2024-02-29,2023-12-31,fibk-20231231.htm,1,30079062,0,
860413,FIBK,FIRST INTERSTATE BANCSYSTEM INC,2024,10-K,0000860413-25-000022,2025-02-28,2024-12-31,fibk-20241231.htm,1,27770097,0,
860413,FIBK,FIRST INTERSTATE BANCSYSTEM INC,2025,10-K,0000860413-26-000011,2026-02-26,2025-12-31,fibk-20251231.htm,1,27817432,0,
1178970,PFS,PROVIDENT FINANCIAL SERVICES INC,2021,10-K,0001628280-22-004544,2022-03-01,2021-12-31,pfs-20211231.htm,1,30870542,0,
1178970,PFS,PROVIDENT FINANCIAL SERVICES INC,2022,10-K,0001628280-23-005795,2023-03-01,2022-12-31,pfs-20221231.htm,1,28253230,0,
1178970,PFS,PROVIDENT FINANCIAL SERVICES INC,2023,10-K,0001628280-24-007678,2024-02-28,2023-12-31,pfs-20231231.htm,1,25685960,0,
1178970,PFS,PROVIDENT FINANCIAL SERVICES INC,2024,10-K,0001628280-25-008991,2025-02-28,2024-12-31,pfs-20241231.htm,1,28944719,0,
1178970,PFS,PROVIDENT FINANCIAL SERVICES INC,2025,10-K,0001628280-26-012814,2026-02-27,2025-12-31,pfs-20251231.htm,1,29881793,0,
776901,INDB,INDEPENDENT BANK CORP,2021,10-K,0000776901-22-000048,2022-02-28,2021-12-31,indb-20211231.htm,1,37888882,0,
776901,INDB,INDEPENDENT BANK CORP,2022,10-K,0000776901-23-000064,2023-02-28,2022-12-31,indb-20221231.htm,1,34891466,0,
776901,INDB,INDEPENDENT BANK CORP,2023,10-K,0000776901-24-000069,2024-02-28,2023-12-31,indb-20231231.htm,1,67621564,0,
776901,INDB,INDEPENDENT BANK CORP,2024,10-K,0000776901-25-000093,2025-02-28,2024-12-31,indb-20241231.htm,1,30125103,0,
776901,INDB,INDEPENDENT BANK CORP,2025,10-K,0000776901-26-000058,2026-02-27,2025-12-31,indb-20251231.htm,1,30532157,0,
1488813,CUBI,"Customers Bancorp, Inc.",2021,10-K,0001488813-22-000018,2022-02-28,2021-12-31,cubi-20211231.htm,1,41456663,0,
1488813,CUBI,"Customers Bancorp, Inc.",2022,10-K,0001488813-23-000012,2023-02-28,2022-12-31,cubi-20221231.htm,1,32842444,0,
1488813,CUBI,"Customers Bancorp, Inc.",2023,10-K,0001488813-24-000010,2024-02-29,2023-12-31,cubi-20231231.htm,1,34856635,0,
1488813,CUBI,"Customers Bancorp, Inc.",2024,10-K,0001488813-25-000013,2025-02-28,2024-12-31,cubi-20241231.htm,1,53101379,0,
1488813,CUBI,"Customers Bancorp, Inc.",2025,10-K,0001488813-26-000029,2026-02-27,2025-12-31,cubi-20251231.htm,1,43722844,0,
90498,SFNC,SIMMONS FIRST NATIONAL CORP,2021,10-K,0001628280-22-003933,2022-02-25,2021-12-31,sfnc-20211231.htm,1,27832640,0,
90498,SFNC,SIMMONS FIRST NATIONAL CORP,2022,10-K,0001628280-23-005228,2023-02-27,2022-12-31,sfnc-20221231.htm,1,27144294,0,
90498,SFNC,SIMMONS FIRST NATIONAL CORP,2023,10-K,0001628280-24-007263,2024-02-27,2023-12-31,sfnc-20231231.htm,1,24413625,0,
90498,SFNC,SIMMONS FIRST NATIONAL CORP,2024,10-K,0001628280-25-008639,2025-02-27,2024-12-31,sfnc-20241231.htm,1,31420427,0,
90498,SFNC,SIMMONS FIRST NATIONAL CORP,2025,10-K,0001628280-26-011618,2026-02-25,2025-12-31,sfnc-20251231.htm,1,23645470,0,
861842,CATY,CATHAY GENERAL BANCORP,2021,10-K,0001437749-22-004752,2022-03-01,2021-12-31,caty20211231_10k.htm,1,24403965,0,
861842,CATY,CATHAY GENERAL BANCORP,2022,10-K,0001437749-23-004952,2023-02-28,2022-12-31,caty20221231_10k.htm,1,27035337,0,
861842,CATY,CATHAY GENERAL BANCORP,2023,10-K,0001437749-24-005948,2024-02-29,2023-12-31,caty20231231_10k.htm,1,24213933,0,
861842,CATY,CATHAY GENERAL BANCORP,2024,10-K,0001437749-25-005749,2025-02-28,2024-12-31,caty20241231_10k.htm,1,24567681,0,
861842,CATY,CATHAY GENERAL BANCORP,2025,10-K,0001437749-26-006157,2026-03-02,2025-12-31,caty20251231c_10k.htm,1,25235269,0,
46195,BOH,BANK OF HAWAII CORP,2021,10-K,0001564590-22-007841,2022-03-01,2021-12-31,boh-10k_20211231.htm,1,58000406,0,
46195,BOH,BANK OF HAWAII CORP,2022,10-K,0001564590-23-002876,2023-03-01,2022-12-31,boh-10k_20221231.htm,1,55907456,1,0001564590-23-003056
46195,BOH,BANK OF HAWAII CORP,2023,10-K,0000950170-24-023196,2024-02-29,2023-12-31,boh-20231231.htm,1,43521594,0,
46195,BOH,BANK OF HAWAII CORP,2024,10-K,0000950170-25-031193,2025-03-04,2024-12-31,boh-20241231.htm,1,54566498,0,
46195,BOH,BANK OF HAWAII CORP,2025,10-K,0000046195-26-000015,2026-02-24,2025-12-31,boh-20251231.htm,1,27105374,0,
36377,FHB,"FIRST HAWAIIAN, INC.",2021,10-K,0001558370-22-002181,2022-02-25,2021-12-31,fhb-20211231x10k.htm,1,43067732,0,
36377,FHB,"FIRST HAWAIIAN, INC.",2022,10-K,0001558370-23-002048,2023-02-24,2022-12-31,fhb-20221231x10k.htm,1,44529969,0,
36377,FHB,"FIRST HAWAIIAN, INC.",2023,10-K,0001558370-24-001995,2024-02-28,2023-12-31,fhb-20231231x10k.htm,1,46121821,0,
36377,FHB,"FIRST HAWAIIAN, INC.",2024,10-K,0001558370-25-001943,2025-02-28,2024-12-31,fhb-20241231x10k.htm,1,49045387,0,
36377,FHB,"FIRST HAWAIIAN, INC.",2025,10-K,0001104659-26-021544,2026-02-27,2025-12-31,fhb-20251231x10k.htm,1,50182496,0,
1108134,BBT,Beacon Financial Corp,2021,10-K,0001108134-22-000004,2022-03-01,2021-12-31,bhlb-20211231.htm,1,37368251,0,
1108134,BBT,Beacon Financial Corp,2022,10-K,0001108134-23-000006,2023-03-01,2022-12-31,bhlb-20221231.htm,1,36689021,0,
1108134,BBT,Beacon Financial Corp,2023,10-K,0001108134-24-000003,2024-02-28,2023-12-31,bhlb-20231231.htm,1,32124550,0,
1108134,BBT,Beacon Financial Corp,2024,10-K,0001108134-25-000003,2025-03-03,2024-12-31,bhlb-20241231.htm,1,33457894,1,0001104659-25-025523
1108134,BBT,Beacon Financial Corp,2025,10-K,0001628280-26-013247,2026-03-02,2025-12-31,brkl-20251231.htm,1,37595784,0,
1331520,HOMB,HOME BANCSHARES INC,2021,10-K,0001331520-22-000015,2022-02-24,2021-12-31,homb-20211231.htm,1,27452066,0,
1331520,HOMB,HOME BANCSHARES INC,2022,10-K,0001331520-23-000011,2023-02-24,2022-12-31,homb-20221231.htm,1,30205847,0,
1331520,HOMB,HOME BANCSHARES INC,2023,10-K,0001331520-24-000080,2024-02-26,2023-12-31,homb-20231231.htm,1,27904890,0,
1331520,HOMB,HOME BANCSHARES INC,2024,10-K,0001331520-25-000076,2025-02-27,2024-12-31,homb-20241231.htm,1,29626957,0,
1331520,HOMB,HOME BANCSHARES INC,2025,10-K,0001331520-26-000051,2026-02-27,2025-12-31,homb-20251231.htm,1,28512196,0,
1518715,MCHB,Mechanics Bancorp,2021,10-K,0001518715-22-000066,2022-03-04,2021-12-31,hmst-20211231.htm,1,29346957,0,
1518715,MCHB,Mechanics Bancorp,2022,10-K,0001518715-23-000047,2023-03-06,2022-12-31,hmst-20221231.htm,1,27551051,0,
1518715,MCHB,Mechanics Bancorp,2023,10-K,0001518715-24-000075,2024-03-06,2023-12-31,hmst-20231231.htm,1,26731322,1,0001518715-24-000093
1518715,MCHB,Mechanics Bancorp,2024,10-K,0001518715-25-000026,2025-03-07,2024-12-31,hmst-20241231.htm,1,26857285,0,
1518715,MCHB,Mechanics Bancorp,2025,10-K,0001518715-26-000026,2026-03-17,2025-12-31,hmst-20251231.htm,1,40402530,0,
